user_name,meal,restaurant,rating,order_date
Alessandro,Lasagna,Cucina Siciliana,3,2023-08-21
Alessandro,Cannoli,Osteria Firenze,3,2023-11-24
Francesca,Panna Cotta,Osteria Firenze,5,2023-02-24
Elena,Focaccia,Trattoria Milano,4,2023-05-01
Elena,Cannoli,Cucina Siciliana,4,2023-09-17
Martina,Risotto alla Milanese,Pizzeria Napoli,4,2023-09-03
Matteo,Risotto alla Milanese,Cucina Siciliana,1,2023-07-18
Francesca,Bruschetta,Pizzeria Napoli,2,2023-10-09
Giulia,Lasagna,Pizzeria Napoli,4,2023-07-12
Sara,Risotto alla Milanese,Ristorante Roma,4,2023-02-08
Francesca,Spaghetti Carbonara,Trattoria Milano,4,2023-06-18
Elena,Spaghetti Carbonara,Trattoria Milano,4,2023-08-14
Sara,Tiramisu,Cucina Siciliana,2,2023-05-24
Francesco,Bruschetta,Cucina Siciliana,5,2023-01-25
Alessandro,Bruschetta,Ristorante Roma,4,2023-08-24
Andrea,Risotto alla Milanese,Ristorante Roma,3,2023-03-01
Matteo,Cannoli,Trattoria Milano,1,2023-12-07
Davide,Panna Cotta,Pizzeria Napoli,2,2023-01-16
Matteo,Risotto alla Milanese,Pizzeria Napoli,3,2023-03-01
Marco,Tiramisu,Osteria Firenze,1,2023-05-26
Valentina,Gnocchi,Osteria Firenze,1,2023-10-10
Francesco,Risotto alla Milanese,Ristorante Roma,4,2023-04-05
Alessandro,Lasagna,Cucina Siciliana,3,2023-03-22
Giulia,Cannoli,Cucina Siciliana,1,2023-05-06
Elena,Lasagna,Osteria Firenze,2,2023-07-28
Alessandro,Pizza Margherita,Ristorante Roma,1,2023-11-25
Silvia,Bruschetta,Osteria Firenze,3,2023-09-05
Luca,Risotto alla Milanese,Trattoria Milano,4,2023-08-15
Davide,Lasagna,Ristorante Roma,1,2023-10-20
Elena,Gnocchi,Trattoria Milano,3,2023-01-05
Giorgio,Panna Cotta,Ristorante Roma,3,2023-01-02
Giulia,Focaccia,Cucina Siciliana,1,2023-01-19
Giulia,Tiramisu,Pizzeria Napoli,2,2023-06-23
Francesca,Gnocchi,Osteria Firenze,3,2023-01-06
Matteo,Lasagna,Trattoria Milano,3,2023-01-09
Chiara,Risotto alla Milanese,Pizzeria Napoli,4,2023-11-04
Lorenzo,Cannoli,Osteria Firenze,3,2023-04-07
Silvia,Bruschetta,Ristorante Roma,2,2023-08-01
Andrea,Bruschetta,Ristorante Roma,2,2023-07-10
Marco,Gnocchi,Pizzeria Napoli,2,2023-09-20
Giorgio,Spaghetti Carbonara,Ristorante Roma,4,2023-05-05
Davide,Bruschetta,Osteria Firenze,3,2023-03-20
Luca,Panna Cotta,Pizzeria Napoli,3,2023-01-08
Francesca,Focaccia,Pizzeria Napoli,3,2023-09-03
Federica,Spaghetti Carbonara,Trattoria Milano,3,2023-09-04
Luca,Lasagna,Ristorante Roma,5,2023-04-24
Sara,Gnocchi,Osteria Firenze,1,2023-01-16
Elena,Risotto alla Milanese,Cucina Siciliana,3,2023-06-08
Giulia,Tiramisu,Ristorante Roma,4,2023-01-05
Alice,Risotto alla Milanese,Pizzeria Napoli,3,2023-01-17
Elena,Tiramisu,Osteria Firenze,4,2023-09-05
Giorgio,Tiramisu,Osteria Firenze,4,2023-01-20
Luca,Risotto alla Milanese,Trattoria Milano,1,2023-10-22
Marco,Panna Cotta,Trattoria Milano,2,2023-11-10
Giulia,Cannoli,Ristorante Roma,1,2023-09-11
Alice,Gnocchi,Cucina Siciliana,2,2023-07-26
Marco,Spaghetti Carbonara,Ristorante Roma,5,2023-12-26
Alessandro,Bruschetta,Pizzeria Napoli,5,2023-04-01
Sara,Risotto alla Milanese,Pizzeria Napoli,2,2023-02-23
Lorenzo,Bruschetta,Trattoria Milano,5,2023-06-26
Giorgio,Lasagna,Trattoria Milano,3,2023-12-05
Luca,Panna Cotta,Cucina Siciliana,4,2023-12-12
Matteo,Gnocchi,Pizzeria Napoli,5,2023-04-15
Marco,Gnocchi,Pizzeria Napoli,5,2023-02-28
Martina,Risotto alla Milanese,Ristorante Roma,3,2023-12-26
Matteo,Cannoli,Cucina Siciliana,1,2023-12-21
Luca,Cannoli,Trattoria Milano,1,2023-02-22
Alice,Bruschetta,Cucina Siciliana,5,2023-01-16
Alessandro,Tiramisu,Cucina Siciliana,3,2023-12-26
Alice,Risotto alla Milanese,Cucina Siciliana,1,2023-12-05
Simone,Pizza Margherita,Pizzeria Napoli,5,2023-12-16
Alice,Tiramisu,Pizzeria Napoli,1,2023-05-23
Martina,Focaccia,Cucina Siciliana,4,2023-02-20
Martina,Cannoli,Osteria Firenze,2,2023-01-24
Matteo,Lasagna,Trattoria Milano,1,2023-12-27
Silvia,Panna Cotta,Pizzeria Napoli,2,2023-03-28
Luca,Pizza Margherita,Cucina Siciliana,3,2023-11-05
Elena,Risotto alla Milanese,Ristorante Roma,1,2023-08-10
Andrea,Spaghetti Carbonara,Cucina Siciliana,3,2023-02-03
Giorgio,Cannoli,Cucina Siciliana,2,2023-10-26
Giulia,Risotto alla Milanese,Ristorante Roma,4,2023-10-21
Federica,Panna Cotta,Pizzeria Napoli,1,2023-05-25
Francesca,Cannoli,Cucina Siciliana,1,2023-08-03
Giorgio,Risotto alla Milanese,Pizzeria Napoli,2,2023-01-07
Matteo,Pizza Margherita,Cucina Siciliana,1,2023-03-09
Giorgio,Pizza Margherita,Pizzeria Napoli,1,2023-06-13
Lorenzo,Pizza Margherita,Pizzeria Napoli,4,2023-09-19
Elena,Bruschetta,Pizzeria Napoli,4,2023-03-26
Simone,Tiramisu,Cucina Siciliana,3,2023-12-25
Silvia,Tiramisu,Pizzeria Napoli,5,2023-07-16
Alessandro,Tiramisu,Trattoria Milano,2,2023-07-14
Matteo,Risotto alla Milanese,Cucina Siciliana,3,2023-11-18
Simone,Bruschetta,Trattoria Milano,2,2023-12-17
Chiara,Gnocchi,Cucina Siciliana,2,2023-09-18
Giulia,Tiramisu,Cucina Siciliana,5,2023-06-19
Sara,Pizza Margherita,Pizzeria Napoli,1,2023-07-25
Francesco,Lasagna,Pizzeria Napoli,4,2023-03-12
Alessandro,Cannoli,Trattoria Milano,3,2023-07-03
Francesco,Spaghetti Carbonara,Pizzeria Napoli,2,2023-04-28
Sara,Bruschetta,Ristorante Roma,3,2023-12-25
Giorgio,Bruschetta,Ristorante Roma,5,2023-06-26
Elena,Tiramisu,Cucina Siciliana,3,2023-12-05
Francesca,Risotto alla Milanese,Osteria Firenze,4,2023-09-18
Simone,Bruschetta,Ristorante Roma,1,2023-05-22
Marco,Gnocchi,Ristorante Roma,3,2023-12-10
Alice,Panna Cotta,Pizzeria Napoli,4,2023-05-08
Francesca,Cannoli,Trattoria Milano,4,2023-02-28
Matteo,Bruschetta,Pizzeria Napoli,3,2023-06-17
Davide,Pizza Margherita,Cucina Siciliana,4,2023-12-16
Francesco,Risotto alla Milanese,Cucina Siciliana,2,2023-03-05
Simone,Bruschetta,Trattoria Milano,2,2023-08-18
Francesco,Tiramisu,Ristorante Roma,1,2023-02-15
Giorgio,Tiramisu,Trattoria Milano,1,2023-06-27
Giorgio,Pizza Margherita,Trattoria Milano,1,2023-03-01
Alice,Gnocchi,Pizzeria Napoli,1,2023-05-05
Chiara,Risotto alla Milanese,Cucina Siciliana,5,2023-05-05
Martina,Cannoli,Osteria Firenze,1,2023-05-14
Davide,Pizza Margherita,Osteria Firenze,5,2023-04-01
Giorgio,Panna Cotta,Trattoria Milano,4,2023-08-07
Giulia,Focaccia,Osteria Firenze,3,2023-02-12
Luca,Focaccia,Pizzeria Napoli,5,2023-11-25
Giorgio,Gnocchi,Cucina Siciliana,5,2023-02-11
Lorenzo,Gnocchi,Pizzeria Napoli,2,2023-06-18
Giulia,Spaghetti Carbonara,Osteria Firenze,3,2023-02-20
Chiara,Pizza Margherita,Pizzeria Napoli,2,2023-03-17
Matteo,Lasagna,Trattoria Milano,1,2023-10-17
Silvia,Panna Cotta,Cucina Siciliana,2,2023-06-21
Giulia,Risotto alla Milanese,Ristorante Roma,3,2023-06-16
Sara,Lasagna,Pizzeria Napoli,1,2023-03-03
Federica,Cannoli,Osteria Firenze,3,2023-05-05
Federica,Cannoli,Cucina Siciliana,5,2023-06-01
Matteo,Bruschetta,Pizzeria Napoli,2,2023-02-17
Valentina,Cannoli,Cucina Siciliana,3,2023-09-26
Simone,Bruschetta,Osteria Firenze,5,2023-01-26
Francesca,Pizza Margherita,Ristorante Roma,3,2023-04-15
Simone,Panna Cotta,Trattoria Milano,4,2023-07-14
Giulia,Cannoli,Osteria Firenze,3,2023-07-03
Simone,Gnocchi,Osteria Firenze,4,2023-02-26
Chiara,Risotto alla Milanese,Osteria Firenze,1,2023-07-05
Martina,Gnocchi,Ristorante Roma,1,2023-07-22
Elena,Bruschetta,Ristorante Roma,5,2023-04-25
Francesca,Cannoli,Osteria Firenze,1,2023-02-15
Francesca,Focaccia,Trattoria Milano,1,2023-12-19
Martina,Bruschetta,Cucina Siciliana,4,2023-10-02
Francesco,Focaccia,Cucina Siciliana,1,2023-01-21
Chiara,Focaccia,Pizzeria Napoli,3,2023-08-23
Davide,Gnocchi,Osteria Firenze,3,2023-08-05
Francesca,Panna Cotta,Trattoria Milano,4,2023-12-11
Francesca,Focaccia,Ristorante Roma,3,2023-09-02
Simone,Panna Cotta,Trattoria Milano,3,2023-12-05
Chiara,Cannoli,Pizzeria Napoli,3,2023-04-01
Silvia,Pizza Margherita,Pizzeria Napoli,1,2023-10-14
Chiara,Tiramisu,Osteria Firenze,4,2023-11-03
Luca,Focaccia,Trattoria Milano,2,2023-05-23
Martina,Spaghetti Carbonara,Cucina Siciliana,2,2023-04-01
Matteo,Bruschetta,Ristorante Roma,1,2023-11-15
Chiara,Gnocchi,Osteria Firenze,1,2023-05-28
Elena,Spaghetti Carbonara,Cucina Siciliana,3,2023-09-02
Elena,Risotto alla Milanese,Osteria Firenze,1,2023-08-22
Sara,Bruschetta,Cucina Siciliana,4,2023-03-21
Matteo,Tiramisu,Osteria Firenze,3,2023-10-04
Francesco,Cannoli,Ristorante Roma,2,2023-08-08
Alessandro,Panna Cotta,Osteria Firenze,5,2023-06-01
Simone,Pizza Margherita,Ristorante Roma,1,2023-01-15
Giulia,Tiramisu,Osteria Firenze,3,2023-06-06
Marco,Gnocchi,Osteria Firenze,2,2023-04-15
Simone,Pizza Margherita,Pizzeria Napoli,3,2023-04-06
Luca,Tiramisu,Osteria Firenze,1,2023-04-22
Giulia,Cannoli,Cucina Siciliana,3,2023-10-01
Chiara,Lasagna,Cucina Siciliana,4,2023-08-15
Sara,Tiramisu,Cucina Siciliana,4,2023-12-13
Giulia,Risotto alla Milanese,Osteria Firenze,4,2023-04-26
Andrea,Tiramisu,Pizzeria Napoli,3,2023-10-08
Chiara,Focaccia,Trattoria Milano,3,2023-12-26
Francesco,Panna Cotta,Trattoria Milano,1,2023-01-15
Sara,Lasagna,Pizzeria Napoli,5,2023-08-05
Sara,Cannoli,Ristorante Roma,4,2023-10-09
Lorenzo,Panna Cotta,Ristorante Roma,3,2023-07-01
Valentina,Tiramisu,Cucina Siciliana,2,2023-04-22
Luca,Focaccia,Osteria Firenze,5,2023-09-21
Davide,Cannoli,Pizzeria Napoli,1,2023-05-26
Davide,Risotto alla Milanese,Pizzeria Napoli,1,2023-10-11
Chiara,Spaghetti Carbonara,Trattoria Milano,3,2023-02-27
Giorgio,Risotto alla Milanese,Ristorante Roma,4,2023-06-21
Luca,Pizza Margherita,Cucina Siciliana,3,2023-06-26
Federica,Tiramisu,Ristorante Roma,1,2023-04-09
Giorgio,Lasagna,Pizzeria Napoli,5,2023-08-17
Alessandro,Pizza Margherita,Cucina Siciliana,3,2023-11-24
Lorenzo,Pizza Margherita,Cucina Siciliana,5,2023-08-19
Federica,Pizza Margherita,Osteria Firenze,2,2023-02-22
Giorgio,Spaghetti Carbonara,Osteria Firenze,4,2023-01-08
Alessandro,Risotto alla Milanese,Trattoria Milano,2,2023-03-14
Giulia,Pizza Margherita,Pizzeria Napoli,2,2023-07-08
Luca,Bruschetta,Osteria Firenze,3,2023-08-22
Simone,Tiramisu,Osteria Firenze,3,2023-01-28
Simone,Panna Cotta,Trattoria Milano,3,2023-08-14
Valentina,Lasagna,Pizzeria Napoli,5,2023-06-21
Valentina,Gnocchi,Trattoria Milano,2,2023-07-01
Lorenzo,Risotto alla Milanese,Pizzeria Napoli,5,2023-12-18
Giulia,Pizza Margherita,Cucina Siciliana,4,2023-11-10
Giulia,Risotto alla Milanese,Pizzeria Napoli,4,2023-05-05
Chiara,Bruschetta,Trattoria Milano,5,2023-12-03
Silvia,Cannoli,Pizzeria Napoli,1,2023-10-24
Valentina,Gnocchi,Ristorante Roma,2,2023-03-17
Valentina,Bruschetta,Trattoria Milano,5,2023-09-07
Davide,Focaccia,Osteria Firenze,4,2023-10-26
Francesco,Spaghetti Carbonara,Cucina Siciliana,3,2023-06-18
Martina,Lasagna,Ristorante Roma,2,2023-01-05
Chiara,Cannoli,Pizzeria Napoli,5,2023-10-22
Chiara,Panna Cotta,Trattoria Milano,4,2023-09-21
Alessandro,Cannoli,Cucina Siciliana,1,2023-10-21
Valentina,Spaghetti Carbonara,Pizzeria Napoli,3,2023-01-19
Francesca,Risotto alla Milanese,Trattoria Milano,5,2023-05-11
Sara,Lasagna,Ristorante Roma,3,2023-07-08
Marco,Focaccia,Trattoria Milano,5,2023-08-01
Francesca,Lasagna,Osteria Firenze,3,2023-04-11
Giorgio,Spaghetti Carbonara,Ristorante Roma,2,2023-02-21
Davide,Bruschetta,Ristorante Roma,1,2023-09-11
Sara,Cannoli,Ristorante Roma,3,2023-03-18
Matteo,Risotto alla Milanese,Trattoria Milano,4,2023-03-05
Elena,Pizza Margherita,Cucina Siciliana,1,2023-10-25
Giorgio,Panna Cotta,Osteria Firenze,5,2023-01-23
Matteo,Focaccia,Ristorante Roma,2,2023-09-12
Simone,Cannoli,Ristorante Roma,5,2023-10-15
Martina,Gnocchi,Ristorante Roma,2,2023-05-22
Alessandro,Tiramisu,Ristorante Roma,3,2023-08-18
Federica,Lasagna,Osteria Firenze,2,2023-11-10
Alessandro,Pizza Margherita,Osteria Firenze,4,2023-12-13
Giulia,Risotto alla Milanese,Cucina Siciliana,3,2023-08-26
Elena,Gnocchi,Ristorante Roma,4,2023-06-25
Francesco,Spaghetti Carbonara,Ristorante Roma,5,2023-10-12
Giulia,Gnocchi,Osteria Firenze,2,2023-02-27
Francesco,Spaghetti Carbonara,Osteria Firenze,3,2023-07-14
Silvia,Pizza Margherita,Cucina Siciliana,5,2023-12-25
Alice,Panna Cotta,Pizzeria Napoli,1,2023-10-25
Alessandro,Lasagna,Cucina Siciliana,1,2023-01-03
Francesco,Panna Cotta,Trattoria Milano,4,2023-02-05
Alice,Pizza Margherita,Cucina Siciliana,1,2023-01-25
Francesca,Cannoli,Cucina Siciliana,5,2023-05-11
Chiara,Gnocchi,Osteria Firenze,5,2023-02-25
Alessandro,Lasagna,Pizzeria Napoli,3,2023-08-20
Lorenzo,Cannoli,Osteria Firenze,2,2023-09-26
Davide,Pizza Margherita,Trattoria Milano,3,2023-08-06
Matteo,Tiramisu,Ristorante Roma,1,2023-03-20
Giorgio,Cannoli,Osteria Firenze,2,2023-02-17
Marco,Risotto alla Milanese,Cucina Siciliana,5,2023-09-09
Francesca,Tiramisu,Trattoria Milano,3,2023-09-24
Marco,Bruschetta,Osteria Firenze,1,2023-02-12
Martina,Bruschetta,Ristorante Roma,5,2023-11-27
Giulia,Panna Cotta,Pizzeria Napoli,3,2023-05-16
Federica,Focaccia,Cucina Siciliana,4,2023-12-05
Francesco,Pizza Margherita,Trattoria Milano,5,2023-03-26
Marco,Panna Cotta,Trattoria Milano,3,2023-01-06
Lorenzo,Panna Cotta,Pizzeria Napoli,1,2023-11-27
Alice,Bruschetta,Cucina Siciliana,3,2023-09-21
Martina,Lasagna,Osteria Firenze,4,2023-07-05
Andrea,Cannoli,Ristorante Roma,3,2023-07-10
Martina,Tiramisu,Trattoria Milano,4,2023-02-14
Francesco,Gnocchi,Trattoria Milano,5,2023-11-17
Davide,Pizza Margherita,Trattoria Milano,4,2023-08-13
Marco,Focaccia,Osteria Firenze,2,2023-09-02
Simone,Tiramisu,Cucina Siciliana,4,2023-04-04
Federica,Lasagna,Osteria Firenze,1,2023-12-22
Giorgio,Cannoli,Ristorante Roma,2,2023-08-27
Federica,Spaghetti Carbonara,Cucina Siciliana,4,2023-04-27
Marco,Lasagna,Cucina Siciliana,4,2023-07-11
Luca,Focaccia,Osteria Firenze,3,2023-10-23
Giulia,Spaghetti Carbonara,Cucina Siciliana,4,2023-01-03
Francesco,Bruschetta,Cucina Siciliana,5,2023-11-20
Giulia,Lasagna,Osteria Firenze,3,2023-03-17
Elena,Panna Cotta,Pizzeria Napoli,5,2023-05-15
Alice,Tiramisu,Osteria Firenze,4,2023-06-19
Matteo,Risotto alla Milanese,Osteria Firenze,1,2023-10-28
Chiara,Spaghetti Carbonara,Cucina Siciliana,3,2023-01-25
Elena,Spaghetti Carbonara,Pizzeria Napoli,3,2023-08-28
Valentina,Bruschetta,Ristorante Roma,5,2023-05-08
Simone,Spaghetti Carbonara,Pizzeria Napoli,3,2023-12-21
Marco,Lasagna,Ristorante Roma,1,2023-12-20
Francesca,Bruschetta,Ristorante Roma,4,2023-06-22
Giulia,Panna Cotta,Osteria Firenze,5,2023-01-08
Federica,Spaghetti Carbonara,Osteria Firenze,5,2023-09-01
Chiara,Bruschetta,Osteria Firenze,3,2023-08-09
Giorgio,Bruschetta,Pizzeria Napoli,4,2023-01-10
Sara,Spaghetti Carbonara,Pizzeria Napoli,1,2023-02-01
Luca,Bruschetta,Cucina Siciliana,1,2023-04-26
Alessandro,Spaghetti Carbonara,Trattoria Milano,2,2023-02-15
Giulia,Cannoli,Pizzeria Napoli,1,2023-08-11
Marco,Focaccia,Ristorante Roma,1,2023-07-09
Federica,Panna Cotta,Trattoria Milano,4,2023-04-15
Alessandro,Lasagna,Pizzeria Napoli,2,2023-06-26
Marco,Bruschetta,Pizzeria Napoli,2,2023-11-18
Elena,Gnocchi,Pizzeria Napoli,5,2023-09-13
Lorenzo,Cannoli,Osteria Firenze,4,2023-08-23
Lorenzo,Spaghetti Carbonara,Trattoria Milano,3,2023-06-05
Davide,Risotto alla Milanese,Pizzeria Napoli,2,2023-03-03
Simone,Pizza Margherita,Pizzeria Napoli,1,2023-05-26
Silvia,Tiramisu,Pizzeria Napoli,4,2023-12-20
Federica,Pizza Margherita,Osteria Firenze,1,2023-04-26
Giulia,Lasagna,Trattoria Milano,2,2023-04-06
Alessandro,Cannoli,Osteria Firenze,3,2023-10-22
Elena,Risotto alla Milanese,Cucina Siciliana,2,2023-08-21
Simone,Pizza Margherita,Osteria Firenze,2,2023-08-04
Alice,Gnocchi,Trattoria Milano,4,2023-02-23
Matteo,Tiramisu,Cucina Siciliana,1,2023-06-28
Simone,Panna Cotta,Ristorante Roma,4,2023-02-07
Chiara,Pizza Margherita,Osteria Firenze,1,2023-09-28
Giulia,Risotto alla Milanese,Cucina Siciliana,5,2023-01-08
Elena,Panna Cotta,Pizzeria Napoli,5,2023-07-15
Andrea,Cannoli,Osteria Firenze,2,2023-10-12
Davide,Pizza Margherita,Cucina Siciliana,4,2023-08-11
Elena,Pizza Margherita,Ristorante Roma,4,2023-12-25
Andrea,Tiramisu,Cucina Siciliana,4,2023-05-17
Giorgio,Panna Cotta,Pizzeria Napoli,4,2023-06-12
Silvia,Spaghetti Carbonara,Trattoria Milano,1,2023-05-20
Luca,Gnocchi,Osteria Firenze,5,2023-05-27
Matteo,Pizza Margherita,Ristorante Roma,3,2023-12-10
Silvia,Tiramisu,Trattoria Milano,3,2023-11-02
Federica,Bruschetta,Osteria Firenze,2,2023-07-12
Chiara,Lasagna,Cucina Siciliana,4,2023-02-10
Sara,Spaghetti Carbonara,Cucina Siciliana,1,2023-07-08
Chiara,Tiramisu,Trattoria Milano,1,2023-07-23
Andrea,Cannoli,Trattoria Milano,2,2023-01-26
Sara,Panna Cotta,Ristorante Roma,4,2023-11-08
Valentina,Lasagna,Ristorante Roma,1,2023-03-16
Valentina,Tiramisu,Cucina Siciliana,1,2023-10-28
Giulia,Spaghetti Carbonara,Ristorante Roma,1,2023-09-25
Alice,Bruschetta,Cucina Siciliana,5,2023-09-11
Francesca,Spaghetti Carbonara,Cucina Siciliana,4,2023-06-19
Chiara,Spaghetti Carbonara,Trattoria Milano,5,2023-09-23
Lorenzo,Pizza Margherita,Ristorante Roma,5,2023-01-12
Alessandro,Tiramisu,Osteria Firenze,4,2023-09-01
Giorgio,Pizza Margherita,Osteria Firenze,4,2023-06-26
Andrea,Risotto alla Milanese,Trattoria Milano,2,2023-09-03
Sara,Spaghetti Carbonara,Pizzeria Napoli,5,2023-10-25
Elena,Tiramisu,Trattoria Milano,5,2023-12-04
Simone,Gnocchi,Trattoria Milano,4,2023-11-11
Francesco,Tiramisu,Osteria Firenze,5,2023-12-15
Francesca,Risotto alla Milanese,Pizzeria Napoli,5,2023-06-19
Giulia,Lasagna,Cucina Siciliana,4,2023-11-15
Marco,Panna Cotta,Trattoria Milano,4,2023-02-02
Giorgio,Lasagna,Trattoria Milano,1,2023-11-07
Elena,Cannoli,Cucina Siciliana,1,2023-10-10
Francesca,Lasagna,Pizzeria Napoli,1,2023-12-24
Francesco,Cannoli,Osteria Firenze,5,2023-07-22
Davide,Cannoli,Ristorante Roma,2,2023-08-26
Martina,Panna Cotta,Ristorante Roma,2,2023-11-05
Francesca,Spaghetti Carbonara,Osteria Firenze,4,2023-12-07
Martina,Bruschetta,Trattoria Milano,3,2023-04-10
Luca,Gnocchi,Trattoria Milano,5,2023-01-03
Elena,Spaghetti Carbonara,Ristorante Roma,5,2023-01-22
Alice,Tiramisu,Osteria Firenze,4,2023-07-11
Martina,Bruschetta,Cucina Siciliana,5,2023-09-25
Giulia,Risotto alla Milanese,Cucina Siciliana,2,2023-03-10
Alessandro,Bruschetta,Ristorante Roma,3,2023-07-24
Valentina,Risotto alla Milanese,Pizzeria Napoli,2,2023-06-10
Alessandro,Lasagna,Cucina Siciliana,1,2023-04-03
Davide,Panna Cotta,Ristorante Roma,3,2023-06-09
Alessandro,Lasagna,Cucina Siciliana,1,2023-12-02
Matteo,Tiramisu,Trattoria Milano,3,2023-06-12
Marco,Focaccia,Trattoria Milano,4,2023-02-06
Giorgio,Risotto alla Milanese,Trattoria Milano,4,2023-08-22
Elena,Cannoli,Pizzeria Napoli,5,2023-09-23
Alice,Cannoli,Ristorante Roma,4,2023-01-16
Elena,Panna Cotta,Pizzeria Napoli,3,2023-07-28
Lorenzo,Panna Cotta,Cucina Siciliana,4,2023-08-24
Elena,Pizza Margherita,Ristorante Roma,5,2023-04-06
Federica,Panna Cotta,Ristorante Roma,5,2023-12-06
Silvia,Spaghetti Carbonara,Cucina Siciliana,4,2023-01-23
Federica,Spaghetti Carbonara,Ristorante Roma,5,2023-02-27
Davide,Pizza Margherita,Osteria Firenze,3,2023-04-23
Francesca,Spaghetti Carbonara,Osteria Firenze,3,2023-06-28
Matteo,Lasagna,Trattoria Milano,4,2023-01-10
Chiara,Spaghetti Carbonara,Cucina Siciliana,3,2023-08-10
Valentina,Focaccia,Osteria Firenze,4,2023-09-15
Marco,Spaghetti Carbonara,Osteria Firenze,2,2023-03-18
Valentina,Lasagna,Trattoria Milano,2,2023-09-02
Luca,Lasagna,Ristorante Roma,5,2023-04-03
Marco,Bruschetta,Ristorante Roma,5,2023-05-02
Sara,Tiramisu,Trattoria Milano,4,2023-09-15
Francesca,Lasagna,Trattoria Milano,5,2023-12-06
Andrea,Spaghetti Carbonara,Pizzeria Napoli,3,2023-03-05
Lorenzo,Spaghetti Carbonara,Trattoria Milano,1,2023-02-11
Federica,Panna Cotta,Ristorante Roma,3,2023-09-03
Davide,Risotto alla Milanese,Pizzeria Napoli,1,2023-04-04
Alessandro,Panna Cotta,Ristorante Roma,5,2023-07-28
Silvia,Lasagna,Pizzeria Napoli,4,2023-06-07
Federica,Tiramisu,Pizzeria Napoli,5,2023-03-07
Valentina,Gnocchi,Cucina Siciliana,5,2023-06-05
Giulia,Tiramisu,Cucina Siciliana,2,2023-07-26
Alessandro,Tiramisu,Ristorante Roma,5,2023-05-26
Federica,Tiramisu,Cucina Siciliana,2,2023-05-13
Francesca,Pizza Margherita,Osteria Firenze,1,2023-12-11
Silvia,Gnocchi,Cucina Siciliana,2,2023-04-02
Silvia,Spaghetti Carbonara,Osteria Firenze,1,2023-04-06
Martina,Tiramisu,Trattoria Milano,5,2023-01-09
Giorgio,Panna Cotta,Ristorante Roma,1,2023-01-02
Alice,Pizza Margherita,Trattoria Milano,2,2023-10-28
Sara,Tiramisu,Pizzeria Napoli,3,2023-07-02
Sara,Focaccia,Ristorante Roma,1,2023-12-23
Francesco,Risotto alla Milanese,Cucina Siciliana,4,2023-01-23
Matteo,Panna Cotta,Cucina Siciliana,1,2023-07-11
Luca,Risotto alla Milanese,Osteria Firenze,1,2023-05-20
Sara,Cannoli,Pizzeria Napoli,3,2023-04-15
Lorenzo,Gnocchi,Osteria Firenze,4,2023-03-11
Matteo,Tiramisu,Trattoria Milano,4,2023-01-08
Sara,Bruschetta,Ristorante Roma,2,2023-02-03
Giorgio,Lasagna,Pizzeria Napoli,1,2023-09-25
Federica,Cannoli,Cucina Siciliana,4,2023-12-27
Sara,Spaghetti Carbonara,Cucina Siciliana,5,2023-12-02
Andrea,Cannoli,Ristorante Roma,2,2023-07-09
Sara,Cannoli,Ristorante Roma,2,2023-06-20
Silvia,Tiramisu,Pizzeria Napoli,3,2023-01-24
Marco,Cannoli,Ristorante Roma,4,2023-09-15
Federica,Tiramisu,Cucina Siciliana,5,2023-08-14
Sara,Gnocchi,Pizzeria Napoli,3,2023-06-22
Andrea,Bruschetta,Pizzeria Napoli,5,2023-02-02
Simone,Lasagna,Osteria Firenze,2,2023-03-23
Elena,Focaccia,Osteria Firenze,5,2023-01-24
Marco,Focaccia,Osteria Firenze,5,2023-07-12
Simone,Bruschetta,Cucina Siciliana,2,2023-10-16
Sara,Pizza Margherita,Pizzeria Napoli,5,2023-03-01
Francesca,Panna Cotta,Osteria Firenze,2,2023-02-11
Martina,Tiramisu,Osteria Firenze,3,2023-02-09
Alice,Bruschetta,Pizzeria Napoli,4,2023-06-10
Elena,Pizza Margherita,Ristorante Roma,2,2023-05-25
Silvia,Risotto alla Milanese,Osteria Firenze,5,2023-10-04
Simone,Lasagna,Pizzeria Napoli,2,2023-08-22
Marco,Cannoli,Cucina Siciliana,5,2023-06-08
Alessandro,Tiramisu,Trattoria Milano,4,2023-12-25
Francesco,Lasagna,Ristorante Roma,4,2023-03-24
Matteo,Cannoli,Pizzeria Napoli,4,2023-08-24
Giulia,Spaghetti Carbonara,Osteria Firenze,4,2023-12-19
Giorgio,Risotto alla Milanese,Cucina Siciliana,4,2023-10-06
Francesca,Risotto alla Milanese,Cucina Siciliana,4,2023-07-17
Luca,Spaghetti Carbonara,Pizzeria Napoli,1,2023-11-28
Simone,Bruschetta,Pizzeria Napoli,5,2023-01-17
Chiara,Lasagna,Pizzeria Napoli,3,2023-06-15
Valentina,Gnocchi,Ristorante Roma,2,2023-05-25
Silvia,Cannoli,Trattoria Milano,3,2023-11-17
Francesco,Focaccia,Ristorante Roma,3,2023-03-21
Lorenzo,Cannoli,Osteria Firenze,2,2023-03-05
Matteo,Lasagna,Ristorante Roma,5,2023-10-05
Francesca,Focaccia,Trattoria Milano,4,2023-07-07
Federica,Risotto alla Milanese,Ristorante Roma,1,2023-04-06
Davide,Focaccia,Pizzeria Napoli,4,2023-12-25
Silvia,Panna Cotta,Ristorante Roma,4,2023-05-24
Elena,Cannoli,Pizzeria Napoli,3,2023-07-28
Valentina,Panna Cotta,Trattoria Milano,2,2023-09-13
Chiara,Bruschetta,Cucina Siciliana,4,2023-08-11
Silvia,Spaghetti Carbonara,Trattoria Milano,3,2023-09-21
Francesca,Spaghetti Carbonara,Ristorante Roma,3,2023-07-06
Simone,Spaghetti Carbonara,Osteria Firenze,4,2023-08-15
Alice,Gnocchi,Cucina Siciliana,2,2023-10-12
Valentina,Bruschetta,Cucina Siciliana,2,2023-05-18
Matteo,Risotto alla Milanese,Trattoria Milano,5,2023-08-17
Lorenzo,Risotto alla Milanese,Ristorante Roma,5,2023-12-25
Davide,Pizza Margherita,Trattoria Milano,5,2023-04-10
Alessandro,Focaccia,Ristorante Roma,1,2023-08-02
Andrea,Bruschetta,Ristorante Roma,1,2023-02-06
Valentina,Focaccia,Trattoria Milano,1,2023-10-21
Matteo,Spaghetti Carbonara,Ristorante Roma,2,2023-10-02
Alice,Risotto alla Milanese,Cucina Siciliana,4,2023-08-15
Sara,Focaccia,Pizzeria Napoli,3,2023-10-03
Lorenzo,Pizza Margherita,Cucina Siciliana,4,2023-10-04
Valentina,Lasagna,Cucina Siciliana,4,2023-12-14
Davide,Panna Cotta,Trattoria Milano,4,2023-10-17
Giulia,Bruschetta,Osteria Firenze,4,2023-01-10
Silvia,Risotto alla Milanese,Pizzeria Napoli,1,2023-11-18
Andrea,Risotto alla Milanese,Cucina Siciliana,3,2023-11-24
Elena,Cannoli,Pizzeria Napoli,4,2023-09-04
Matteo,Tiramisu,Ristorante Roma,2,2023-10-28
Silvia,Focaccia,Pizzeria Napoli,2,2023-07-16
Marco,Risotto alla Milanese,Osteria Firenze,2,2023-11-08
Chiara,Pizza Margherita,Pizzeria Napoli,1,2023-07-08
Matteo,Tiramisu,Pizzeria Napoli,3,2023-09-12
Andrea,Gnocchi,Ristorante Roma,5,2023-07-21
Francesco,Spaghetti Carbonara,Pizzeria Napoli,4,2023-06-26
Matteo,Bruschetta,Osteria Firenze,1,2023-04-25
Silvia,Spaghetti Carbonara,Trattoria Milano,5,2023-03-28
Davide,Lasagna,Trattoria Milano,3,2023-12-12
Andrea,Spaghetti Carbonara,Pizzeria Napoli,4,2023-09-21
Giulia,Focaccia,Osteria Firenze,4,2023-12-26
Alice,Tiramisu,Pizzeria Napoli,2,2023-01-21
Marco,Lasagna,Trattoria Milano,1,2023-03-15
Federica,Cannoli,Osteria Firenze,1,2023-07-16
Giorgio,Tiramisu,Pizzeria Napoli,3,2023-11-03
Luca,Lasagna,Cucina Siciliana,2,2023-02-03
Sara,Panna Cotta,Pizzeria Napoli,1,2023-04-28
Luca,Panna Cotta,Osteria Firenze,4,2023-10-25
Simone,Focaccia,Cucina Siciliana,3,2023-09-21
Valentina,Lasagna,Pizzeria Napoli,4,2023-01-07
Davide,Risotto alla Milanese,Pizzeria Napoli,5,2023-02-19
Luca,Focaccia,Osteria Firenze,3,2023-07-27
Giulia,Panna Cotta,Pizzeria Napoli,5,2023-08-03
Lorenzo,Lasagna,Ristorante Roma,1,2023-08-24
Valentina,Cannoli,Ristorante Roma,3,2023-03-03
Martina,Risotto alla Milanese,Ristorante Roma,4,2023-04-13
Alessandro,Bruschetta,Osteria Firenze,4,2023-07-25
Lorenzo,Lasagna,Cucina Siciliana,5,2023-04-08
Giorgio,Bruschetta,Ristorante Roma,4,2023-09-14
Andrea,Tiramisu,Osteria Firenze,1,2023-11-14
Davide,Lasagna,Osteria Firenze,4,2023-12-08
Giulia,Bruschetta,Cucina Siciliana,1,2023-08-23
Alice,Pizza Margherita,Pizzeria Napoli,3,2023-11-14
Federica,Tiramisu,Cucina Siciliana,5,2023-04-05
Marco,Pizza Margherita,Cucina Siciliana,5,2023-09-09
Francesca,Risotto alla Milanese,Ristorante Roma,2,2023-08-01
Sara,Gnocchi,Pizzeria Napoli,4,2023-09-19
Silvia,Focaccia,Cucina Siciliana,3,2023-06-20
Lorenzo,Lasagna,Pizzeria Napoli,4,2023-04-22
Elena,Risotto alla Milanese,Pizzeria Napoli,2,2023-08-02
Davide,Pizza Margherita,Ristorante Roma,2,2023-01-12
Chiara,Cannoli,Osteria Firenze,3,2023-12-10
Luca,Bruschetta,Cucina Siciliana,5,2023-01-03
Sara,Risotto alla Milanese,Cucina Siciliana,4,2023-08-17
Francesco,Focaccia,Ristorante Roma,1,2023-08-11
Silvia,Pizza Margherita,Trattoria Milano,5,2023-05-17
Martina,Focaccia,Ristorante Roma,1,2023-08-05
Giorgio,Bruschetta,Ristorante Roma,5,2023-03-27
Alessandro,Gnocchi,Ristorante Roma,5,2023-11-14
Lorenzo,Pizza Margherita,Pizzeria Napoli,3,2023-12-08
Sara,Tiramisu,Cucina Siciliana,4,2023-01-13
Alessandro,Cannoli,Cucina Siciliana,1,2023-11-14
Francesco,Gnocchi,Ristorante Roma,4,2023-02-18
Giulia,Lasagna,Ristorante Roma,4,2023-02-05
Lorenzo,Panna Cotta,Pizzeria Napoli,1,2023-01-12
Lorenzo,Bruschetta,Trattoria Milano,5,2023-09-10
Giulia,Risotto alla Milanese,Osteria Firenze,5,2023-10-14
Federica,Risotto alla Milanese,Ristorante Roma,1,2023-07-28
Marco,Lasagna,Osteria Firenze,5,2023-02-06
Marco,Panna Cotta,Trattoria Milano,1,2023-09-12
Marco,Pizza Margherita,Cucina Siciliana,2,2023-05-21
Giorgio,Bruschetta,Ristorante Roma,4,2023-05-22
Andrea,Spaghetti Carbonara,Pizzeria Napoli,3,2023-07-09
Chiara,Cannoli,Pizzeria Napoli,4,2023-02-03
Marco,Bruschetta,Osteria Firenze,2,2023-11-25
Francesca,Pizza Margherita,Trattoria Milano,4,2023-05-07
Francesca,Tiramisu,Ristorante Roma,1,2023-04-19
Martina,Spaghetti Carbonara,Pizzeria Napoli,3,2023-11-15
Andrea,Pizza Margherita,Ristorante Roma,5,2023-08-02
Alice,Lasagna,Pizzeria Napoli,1,2023-04-17
Francesco,Spaghetti Carbonara,Cucina Siciliana,3,2023-03-11
Francesco,Lasagna,Trattoria Milano,3,2023-06-11
Martina,Risotto alla Milanese,Trattoria Milano,3,2023-05-10
Matteo,Cannoli,Cucina Siciliana,5,2023-10-28
Matteo,Risotto alla Milanese,Pizzeria Napoli,2,2023-12-09
Giorgio,Lasagna,Ristorante Roma,5,2023-06-04
Matteo,Tiramisu,Ristorante Roma,1,2023-02-13
Lorenzo,Risotto alla Milanese,Trattoria Milano,2,2023-03-26
Giorgio,Tiramisu,Pizzeria Napoli,5,2023-12-11
Alessandro,Lasagna,Osteria Firenze,1,2023-12-24
Marco,Spaghetti Carbonara,Osteria Firenze,4,2023-03-17
Marco,Spaghetti Carbonara,Ristorante Roma,2,2023-03-05
Alessandro,Tiramisu,Pizzeria Napoli,5,2023-01-05
Francesca,Focaccia,Osteria Firenze,3,2023-05-02
Andrea,Focaccia,Cucina Siciliana,4,2023-06-21
Andrea,Gnocchi,Pizzeria Napoli,5,2023-01-24
Silvia,Bruschetta,Trattoria Milano,4,2023-06-17
Lorenzo,Risotto alla Milanese,Trattoria Milano,4,2023-12-20
Chiara,Gnocchi,Trattoria Milano,4,2023-06-11
Luca,Panna Cotta,Osteria Firenze,3,2023-09-19
Federica,Pizza Margherita,Osteria Firenze,5,2023-11-18
Lorenzo,Lasagna,Cucina Siciliana,3,2023-09-08
Silvia,Pizza Margherita,Ristorante Roma,1,2023-01-08
Lorenzo,Focaccia,Osteria Firenze,3,2023-05-13
Simone,Gnocchi,Trattoria Milano,5,2023-06-11
Marco,Focaccia,Trattoria Milano,2,2023-05-16
Elena,Spaghetti Carbonara,Ristorante Roma,3,2023-08-25
Simone,Risotto alla Milanese,Osteria Firenze,2,2023-08-26
Giorgio,Panna Cotta,Osteria Firenze,1,2023-04-25
Matteo,Pizza Margherita,Cucina Siciliana,5,2023-08-08
Matteo,Bruschetta,Ristorante Roma,4,2023-03-02
Sara,Gnocchi,Ristorante Roma,2,2023-04-06
Andrea,Risotto alla Milanese,Osteria Firenze,4,2023-02-13
Lorenzo,Focaccia,Trattoria Milano,1,2023-07-02
Martina,Focaccia,Pizzeria Napoli,2,2023-02-26
Francesco,Panna Cotta,Pizzeria Napoli,2,2023-07-03
Sara,Gnocchi,Osteria Firenze,5,2023-07-21
Alessandro,Pizza Margherita,Ristorante Roma,1,2023-05-13
Lorenzo,Tiramisu,Osteria Firenze,1,2023-09-22
Giorgio,Gnocchi,Trattoria Milano,2,2023-04-08
Silvia,Lasagna,Trattoria Milano,2,2023-12-14
Silvia,Tiramisu,Pizzeria Napoli,5,2023-11-23
Sara,Spaghetti Carbonara,Pizzeria Napoli,2,2023-02-24
Giulia,Bruschetta,Pizzeria Napoli,1,2023-09-17
Federica,Focaccia,Ristorante Roma,2,2023-08-09
Chiara,Tiramisu,Pizzeria Napoli,1,2023-12-11
Luca,Risotto alla Milanese,Ristorante Roma,3,2023-02-12
Francesca,Lasagna,Trattoria Milano,3,2023-03-17
Chiara,Panna Cotta,Pizzeria Napoli,3,2023-05-17
Luca,Bruschetta,Trattoria Milano,5,2023-05-11
Francesco,Tiramisu,Ristorante Roma,4,2023-11-17
Francesca,Bruschetta,Ristorante Roma,5,2023-04-19
Lorenzo,Tiramisu,Trattoria Milano,1,2023-05-22
Alice,Gnocchi,Pizzeria Napoli,1,2023-03-15
Alice,Spaghetti Carbonara,Osteria Firenze,4,2023-09-28
Alessandro,Bruschetta,Cucina Siciliana,2,2023-05-13
Francesca,Spaghetti Carbonara,Ristorante Roma,1,2023-06-11
Luca,Lasagna,Cucina Siciliana,5,2023-02-09
Sara,Gnocchi,Pizzeria Napoli,2,2023-03-28
Chiara,Tiramisu,Pizzeria Napoli,1,2023-04-21
Andrea,Risotto alla Milanese,Cucina Siciliana,1,2023-01-22
Martina,Tiramisu,Pizzeria Napoli,5,2023-10-14
Francesco,Tiramisu,Trattoria Milano,1,2023-04-14
Martina,Risotto alla Milanese,Ristorante Roma,3,2023-06-17
Elena,Focaccia,Pizzeria Napoli,5,2023-11-25
Francesca,Cannoli,Pizzeria Napoli,2,2023-06-01
Silvia,Gnocchi,Pizzeria Napoli,1,2023-08-28
Elena,Focaccia,Cucina Siciliana,2,2023-11-15
Davide,Spaghetti Carbonara,Cucina Siciliana,5,2023-09-01
Alessandro,Lasagna,Ristorante Roma,4,2023-11-21
Francesca,Gnocchi,Pizzeria Napoli,3,2023-09-11
Sara,Pizza Margherita,Ristorante Roma,5,2023-06-27
Francesca,Panna Cotta,Osteria Firenze,5,2023-09-02
Giulia,Gnocchi,Pizzeria Napoli,2,2023-04-26
Sara,Bruschetta,Cucina Siciliana,4,2023-02-11
Simone,Focaccia,Ristorante Roma,1,2023-11-26
Elena,Gnocchi,Trattoria Milano,1,2023-10-25
Martina,Risotto alla Milanese,Osteria Firenze,5,2023-05-08
Sara,Lasagna,Pizzeria Napoli,3,2023-11-01
Giorgio,Lasagna,Pizzeria Napoli,1,2023-09-14
Federica,Cannoli,Ristorante Roma,2,2023-05-20
Silvia,Bruschetta,Osteria Firenze,1,2023-02-06
Giulia,Cannoli,Cucina Siciliana,5,2023-06-06
Federica,Cannoli,Cucina Siciliana,3,2023-06-08
Elena,Pizza Margherita,Ristorante Roma,3,2023-02-11
Elena,Focaccia,Ristorante Roma,4,2023-03-28
Alice,Panna Cotta,Osteria Firenze,2,2023-09-12
Andrea,Tiramisu,Ristorante Roma,2,2023-03-23
Chiara,Focaccia,Trattoria Milano,2,2023-06-04
Elena,Risotto alla Milanese,Cucina Siciliana,3,2023-02-17
Andrea,Tiramisu,Trattoria Milano,2,2023-07-08
Francesco,Cannoli,Pizzeria Napoli,1,2023-11-07
Giorgio,Lasagna,Trattoria Milano,5,2023-06-12
Davide,Tiramisu,Trattoria Milano,4,2023-05-28
Martina,Tiramisu,Trattoria Milano,4,2023-08-02
Sara,Focaccia,Cucina Siciliana,3,2023-09-03
Elena,Cannoli,Pizzeria Napoli,1,2023-06-24
Giulia,Risotto alla Milanese,Ristorante Roma,1,2023-07-17
Marco,Lasagna,Pizzeria Napoli,5,2023-03-03
Giorgio,Gnocchi,Osteria Firenze,2,2023-01-18
Francesco,Lasagna,Cucina Siciliana,4,2023-05-27
Federica,Lasagna,Ristorante Roma,2,2023-01-26
Francesco,Lasagna,Pizzeria Napoli,2,2023-11-11
Davide,Bruschetta,Cucina Siciliana,2,2023-01-17
Giulia,Panna Cotta,Cucina Siciliana,1,2023-04-05
Andrea,Panna Cotta,Osteria Firenze,5,2023-03-12
Lorenzo,Risotto alla Milanese,Cucina Siciliana,4,2023-07-15
Alessandro,Cannoli,Cucina Siciliana,5,2023-04-23
Martina,Lasagna,Trattoria Milano,4,2023-08-09
Alice,Risotto alla Milanese,Pizzeria Napoli,1,2023-11-04
Simone,Risotto alla Milanese,Cucina Siciliana,1,2023-03-15
Sara,Lasagna,Trattoria Milano,5,2023-08-24
Martina,Lasagna,Osteria Firenze,2,2023-09-17
Silvia,Gnocchi,Cucina Siciliana,5,2023-05-09
Chiara,Tiramisu,Ristorante Roma,2,2023-08-07
Alessandro,Focaccia,Cucina Siciliana,5,2023-04-03
Lorenzo,Focaccia,Pizzeria Napoli,4,2023-12-06
Lorenzo,Lasagna,Ristorante Roma,5,2023-07-26
Federica,Tiramisu,Ristorante Roma,3,2023-03-14
Alice,Focaccia,Pizzeria Napoli,5,2023-06-21
Sara,Pizza Margherita,Osteria Firenze,2,2023-10-27
Giulia,Bruschetta,Ristorante Roma,3,2023-10-22
Giorgio,Lasagna,Pizzeria Napoli,1,2023-11-21
Matteo,Focaccia,Ristorante Roma,1,2023-09-19
Francesca,Pizza Margherita,Ristorante Roma,2,2023-08-15
Alessandro,Focaccia,Ristorante Roma,2,2023-07-25
Giorgio,Spaghetti Carbonara,Osteria Firenze,1,2023-09-13
Chiara,Focaccia,Pizzeria Napoli,4,2023-05-03
Giorgio,Pizza Margherita,Pizzeria Napoli,5,2023-07-01
Giorgio,Risotto alla Milanese,Trattoria Milano,4,2023-04-18
Giorgio,Risotto alla Milanese,Osteria Firenze,4,2023-03-08
Valentina,Cannoli,Ristorante Roma,2,2023-07-04
Lorenzo,Focaccia,Ristorante Roma,1,2023-01-08
Lorenzo,Tiramisu,Ristorante Roma,5,2023-11-16
Chiara,Panna Cotta,Cucina Siciliana,3,2023-03-12
Alice,Cannoli,Ristorante Roma,4,2023-04-12
Giulia,Panna Cotta,Osteria Firenze,1,2023-05-08
Alessandro,Panna Cotta,Osteria Firenze,2,2023-07-19
Lorenzo,Spaghetti Carbonara,Pizzeria Napoli,4,2023-01-17
Elena,Tiramisu,Osteria Firenze,5,2023-11-12
Giorgio,Focaccia,Ristorante Roma,5,2023-09-28
Valentina,Tiramisu,Osteria Firenze,1,2023-02-16
Davide,Risotto alla Milanese,Cucina Siciliana,3,2023-02-15
Alessandro,Lasagna,Ristorante Roma,5,2023-04-22
Alessandro,Gnocchi,Osteria Firenze,5,2023-08-20
Federica,Cannoli,Ristorante Roma,1,2023-08-26
Martina,Pizza Margherita,Trattoria Milano,2,2023-05-28
Davide,Tiramisu,Trattoria Milano,2,2023-04-09
Giorgio,Pizza Margherita,Pizzeria Napoli,3,2023-03-10
Giulia,Bruschetta,Osteria Firenze,2,2023-12-24
Martina,Focaccia,Trattoria Milano,3,2023-07-07
Simone,Focaccia,Pizzeria Napoli,3,2023-09-22
Silvia,Risotto alla Milanese,Pizzeria Napoli,3,2023-02-21
Giulia,Focaccia,Osteria Firenze,3,2023-10-09
Luca,Focaccia,Ristorante Roma,3,2023-04-27
Giulia,Lasagna,Ristorante Roma,3,2023-10-25
Martina,Tiramisu,Osteria Firenze,3,2023-05-27
Francesca,Spaghetti Carbonara,Ristorante Roma,5,2023-12-01
Giorgio,Lasagna,Ristorante Roma,1,2023-04-19
Luca,Cannoli,Pizzeria Napoli,1,2023-10-06
Alice,Focaccia,Ristorante Roma,2,2023-02-27
Federica,Risotto alla Milanese,Pizzeria Napoli,3,2023-05-25
Simone,Lasagna,Cucina Siciliana,3,2023-09-27
Lorenzo,Panna Cotta,Pizzeria Napoli,1,2023-11-25
Davide,Cannoli,Trattoria Milano,4,2023-08-07
Giorgio,Tiramisu,Pizzeria Napoli,1,2023-09-14
Matteo,Spaghetti Carbonara,Osteria Firenze,5,2023-02-03
Luca,Spaghetti Carbonara,Trattoria Milano,2,2023-06-19
Francesca,Panna Cotta,Osteria Firenze,2,2023-06-01
Valentina,Panna Cotta,Osteria Firenze,2,2023-01-09
Chiara,Bruschetta,Ristorante Roma,4,2023-12-01
Matteo,Bruschetta,Trattoria Milano,3,2023-05-02
Andrea,Focaccia,Trattoria Milano,4,2023-02-28
Andrea,Tiramisu,Pizzeria Napoli,2,2023-02-22
Andrea,Cannoli,Ristorante Roma,5,2023-04-22
Alessandro,Focaccia,Pizzeria Napoli,4,2023-01-23
Marco,Focaccia,Trattoria Milano,1,2023-01-06
Chiara,Tiramisu,Cucina Siciliana,5,2023-01-10
Federica,Gnocchi,Osteria Firenze,5,2023-04-19
Marco,Lasagna,Cucina Siciliana,1,2023-04-12
Martina,Gnocchi,Ristorante Roma,5,2023-10-20
Francesco,Gnocchi,Cucina Siciliana,4,2023-10-17
Martina,Cannoli,Ristorante Roma,1,2023-05-09
Chiara,Risotto alla Milanese,Cucina Siciliana,3,2023-07-22
Davide,Focaccia,Cucina Siciliana,2,2023-07-17
Elena,Gnocchi,Osteria Firenze,1,2023-06-09
Simone,Tiramisu,Cucina Siciliana,4,2023-07-13
Giorgio,Gnocchi,Cucina Siciliana,2,2023-05-06
Elena,Spaghetti Carbonara,Ristorante Roma,1,2023-11-10
Lorenzo,Cannoli,Trattoria Milano,4,2023-03-04
Giulia,Bruschetta,Trattoria Milano,4,2023-11-14
Alessandro,Gnocchi,Osteria Firenze,4,2023-08-08
Andrea,Bruschetta,Ristorante Roma,1,2023-03-03
Martina,Panna Cotta,Trattoria Milano,1,2023-02-02
Lorenzo,Focaccia,Ristorante Roma,2,2023-01-21
Alessandro,Panna Cotta,Trattoria Milano,1,2023-07-13
Matteo,Cannoli,Ristorante Roma,3,2023-07-26
Giorgio,Gnocchi,Cucina Siciliana,1,2023-01-17
Andrea,Bruschetta,Osteria Firenze,5,2023-03-15
Andrea,Cannoli,Pizzeria Napoli,1,2023-06-28
Davide,Panna Cotta,Ristorante Roma,5,2023-09-22
Alice,Bruschetta,Osteria Firenze,4,2023-03-22
Davide,Gnocchi,Cucina Siciliana,3,2023-03-02
Davide,Risotto alla Milanese,Osteria Firenze,5,2023-09-08
Federica,Risotto alla Milanese,Trattoria Milano,4,2023-09-08
Francesca,Lasagna,Ristorante Roma,1,2023-02-02
Francesco,Focaccia,Pizzeria Napoli,5,2023-11-10
Marco,Risotto alla Milanese,Osteria Firenze,3,2023-07-04
Silvia,Cannoli,Osteria Firenze,3,2023-11-02
Giorgio,Bruschetta,Pizzeria Napoli,4,2023-02-24
Simone,Bruschetta,Pizzeria Napoli,1,2023-10-26
Matteo,Gnocchi,Trattoria Milano,4,2023-01-03
Matteo,Risotto alla Milanese,Pizzeria Napoli,5,2023-11-07
Davide,Focaccia,Cucina Siciliana,2,2023-01-16
Marco,Tiramisu,Trattoria Milano,4,2023-10-05
Martina,Cannoli,Cucina Siciliana,5,2023-11-22
Alice,Panna Cotta,Osteria Firenze,1,2023-08-13
Giulia,Cannoli,Pizzeria Napoli,3,2023-01-26
Giulia,Spaghetti Carbonara,Pizzeria Napoli,3,2023-10-23
Federica,Pizza Margherita,Ristorante Roma,3,2023-06-03
Luca,Tiramisu,Trattoria Milano,5,2023-11-04
Alessandro,Focaccia,Trattoria Milano,5,2023-04-23
Chiara,Panna Cotta,Pizzeria Napoli,2,2023-05-20
Elena,Pizza Margherita,Pizzeria Napoli,1,2023-05-22
Chiara,Tiramisu,Osteria Firenze,5,2023-12-24
Valentina,Spaghetti Carbonara,Ristorante Roma,3,2023-08-08
Alessandro,Panna Cotta,Cucina Siciliana,2,2023-02-08
Andrea,Pizza Margherita,Cucina Siciliana,3,2023-04-12
Andrea,Cannoli,Osteria Firenze,5,2023-11-03
Simone,Pizza Margherita,Osteria Firenze,4,2023-11-27
Lorenzo,Focaccia,Osteria Firenze,4,2023-05-03
Chiara,Panna Cotta,Trattoria Milano,1,2023-04-23
Simone,Cannoli,Osteria Firenze,3,2023-05-21
Martina,Risotto alla Milanese,Ristorante Roma,4,2023-03-11
Giulia,Cannoli,Cucina Siciliana,3,2023-09-20
Alice,Risotto alla Milanese,Osteria Firenze,2,2023-07-28
Matteo,Tiramisu,Osteria Firenze,5,2023-12-18
Francesca,Focaccia,Ristorante Roma,2,2023-04-06
Valentina,Spaghetti Carbonara,Osteria Firenze,2,2023-08-23
Andrea,Tiramisu,Pizzeria Napoli,5,2023-07-09
Davide,Focaccia,Trattoria Milano,3,2023-01-07
Francesca,Pizza Margherita,Pizzeria Napoli,2,2023-01-14
Valentina,Spaghetti Carbonara,Pizzeria Napoli,2,2023-01-23
Andrea,Panna Cotta,Pizzeria Napoli,3,2023-12-24
Francesco,Spaghetti Carbonara,Cucina Siciliana,1,2023-06-02
Francesca,Focaccia,Trattoria Milano,3,2023-08-12
Sara,Focaccia,Pizzeria Napoli,5,2023-08-26
Giorgio,Lasagna,Pizzeria Napoli,3,2023-07-16
Francesco,Panna Cotta,Osteria Firenze,5,2023-07-24
Davide,Risotto alla Milanese,Osteria Firenze,4,2023-05-10
Giorgio,Gnocchi,Ristorante Roma,5,2023-04-28
Alessandro,Tiramisu,Pizzeria Napoli,1,2023-01-10
Lorenzo,Spaghetti Carbonara,Trattoria Milano,4,2023-10-02
Silvia,Spaghetti Carbonara,Trattoria Milano,4,2023-05-20
Marco,Tiramisu,Ristorante Roma,4,2023-08-23
Sara,Panna Cotta,Cucina Siciliana,4,2023-10-07
Giorgio,Lasagna,Cucina Siciliana,5,2023-04-05
Francesca,Spaghetti Carbonara,Trattoria Milano,3,2023-12-14
Matteo,Focaccia,Trattoria Milano,3,2023-12-16
Giorgio,Pizza Margherita,Trattoria Milano,1,2023-07-10
Giulia,Bruschetta,Cucina Siciliana,1,2023-02-19
Elena,Panna Cotta,Ristorante Roma,2,2023-07-07
Francesco,Pizza Margherita,Ristorante Roma,4,2023-10-27
Federica,Bruschetta,Pizzeria Napoli,4,2023-06-19
Alessandro,Bruschetta,Osteria Firenze,2,2023-07-07
Francesca,Bruschetta,Cucina Siciliana,5,2023-01-17
Matteo,Focaccia,Osteria Firenze,5,2023-09-28
Valentina,Focaccia,Pizzeria Napoli,4,2023-07-08
Francesco,Focaccia,Pizzeria Napoli,5,2023-03-28
Marco,Focaccia,Trattoria Milano,5,2023-06-08
Sara,Bruschetta,Osteria Firenze,2,2023-03-27
Elena,Pizza Margherita,Osteria Firenze,5,2023-05-20
Davide,Tiramisu,Trattoria Milano,4,2023-07-22
Francesca,Cannoli,Trattoria Milano,1,2023-04-20
Francesco,Pizza Margherita,Pizzeria Napoli,1,2023-01-15
Francesco,Pizza Margherita,Trattoria Milano,2,2023-11-13
Valentina,Panna Cotta,Osteria Firenze,2,2023-11-13
Alessandro,Tiramisu,Ristorante Roma,4,2023-09-16
Giulia,Focaccia,Trattoria Milano,1,2023-07-13
Federica,Spaghetti Carbonara,Cucina Siciliana,3,2023-05-21
Alice,Gnocchi,Ristorante Roma,3,2023-04-15
Davide,Lasagna,Trattoria Milano,4,2023-05-23
Silvia,Pizza Margherita,Ristorante Roma,4,2023-09-22
Simone,Pizza Margherita,Pizzeria Napoli,3,2023-11-02
Alice,Bruschetta,Pizzeria Napoli,1,2023-09-25
Sara,Panna Cotta,Osteria Firenze,4,2023-01-11
Sara,Cannoli,Osteria Firenze,3,2023-07-11
Giorgio,Pizza Margherita,Trattoria Milano,5,2023-05-21
Sara,Gnocchi,Trattoria Milano,5,2023-03-22
Sara,Bruschetta,Ristorante Roma,3,2023-03-11
Giorgio,Tiramisu,Osteria Firenze,2,2023-08-19
Alessandro,Pizza Margherita,Osteria Firenze,4,2023-02-06
Matteo,Risotto alla Milanese,Pizzeria Napoli,4,2023-06-26
Giorgio,Lasagna,Trattoria Milano,5,2023-04-26
Giorgio,Bruschetta,Pizzeria Napoli,4,2023-03-26
Marco,Panna Cotta,Osteria Firenze,4,2023-01-10
Federica,Panna Cotta,Ristorante Roma,4,2023-08-24
Alice,Spaghetti Carbonara,Pizzeria Napoli,4,2023-11-09
Simone,Panna Cotta,Pizzeria Napoli,5,2023-09-02
Marco,Cannoli,Trattoria Milano,1,2023-10-20
Sara,Cannoli,Osteria Firenze,3,2023-08-05
Marco,Cannoli,Osteria Firenze,1,2023-03-12
Davide,Tiramisu,Pizzeria Napoli,2,2023-02-23
Federica,Lasagna,Pizzeria Napoli,4,2023-07-16
Alice,Pizza Margherita,Ristorante Roma,2,2023-03-26
Silvia,Pizza Margherita,Pizzeria Napoli,5,2023-01-20
Chiara,Cannoli,Trattoria Milano,4,2023-09-21
Matteo,Focaccia,Ristorante Roma,3,2023-12-15
Francesca,Spaghetti Carbonara,Cucina Siciliana,4,2023-03-22
Sara,Gnocchi,Osteria Firenze,2,2023-10-25
Silvia,Pizza Margherita,Osteria Firenze,5,2023-05-26
Francesco,Tiramisu,Cucina Siciliana,3,2023-06-05
Davide,Spaghetti Carbonara,Ristorante Roma,4,2023-03-11
Elena,Gnocchi,Trattoria Milano,5,2023-11-08
Davide,Gnocchi,Trattoria Milano,5,2023-08-15
Giulia,Gnocchi,Pizzeria Napoli,1,2023-12-01
Sara,Tiramisu,Ristorante Roma,1,2023-09-10
Martina,Tiramisu,Ristorante Roma,3,2023-08-15
Giorgio,Pizza Margherita,Trattoria Milano,5,2023-01-06
Giorgio,Focaccia,Osteria Firenze,5,2023-06-27
Francesco,Pizza Margherita,Cucina Siciliana,3,2023-12-06
Matteo,Focaccia,Trattoria Milano,1,2023-07-25
Giulia,Cannoli,Cucina Siciliana,2,2023-04-06
Chiara,Spaghetti Carbonara,Trattoria Milano,4,2023-01-25
Valentina,Gnocchi,Pizzeria Napoli,3,2023-11-15
Elena,Risotto alla Milanese,Ristorante Roma,3,2023-03-20
Francesca,Risotto alla Milanese,Trattoria Milano,4,2023-08-24
Giorgio,Gnocchi,Osteria Firenze,2,2023-01-03
Francesca,Focaccia,Trattoria Milano,5,2023-04-08
Alice,Lasagna,Cucina Siciliana,2,2023-12-13
Giulia,Risotto alla Milanese,Osteria Firenze,1,2023-07-13
Giulia,Panna Cotta,Pizzeria Napoli,3,2023-07-10
Alice,Risotto alla Milanese,Trattoria Milano,2,2023-02-05
Alessandro,Spaghetti Carbonara,Osteria Firenze,5,2023-07-05
Chiara,Panna Cotta,Trattoria Milano,5,2023-12-04
Chiara,Cannoli,Trattoria Milano,2,2023-09-05
Martina,Lasagna,Osteria Firenze,3,2023-10-11
Andrea,Pizza Margherita,Pizzeria Napoli,4,2023-01-09
Lorenzo,Tiramisu,Osteria Firenze,1,2023-04-22
Alice,Gnocchi,Osteria Firenze,5,2023-11-10
Marco,Bruschetta,Pizzeria Napoli,4,2023-07-14
Luca,Spaghetti Carbonara,Ristorante Roma,3,2023-09-09
Martina,Risotto alla Milanese,Cucina Siciliana,5,2023-04-23
Giulia,Panna Cotta,Ristorante Roma,2,2023-10-25
Valentina,Cannoli,Ristorante Roma,1,2023-03-20
Alice,Spaghetti Carbonara,Trattoria Milano,3,2023-11-11
Francesco,Gnocchi,Ristorante Roma,2,2023-12-25
Martina,Spaghetti Carbonara,Osteria Firenze,3,2023-01-19
Federica,Risotto alla Milanese,Cucina Siciliana,3,2023-10-16
Chiara,Bruschetta,Pizzeria Napoli,3,2023-10-12
Francesco,Lasagna,Trattoria Milano,2,2023-11-27
Simone,Panna Cotta,Pizzeria Napoli,4,2023-11-17
Giorgio,Panna Cotta,Pizzeria Napoli,5,2023-08-05
Alice,Lasagna,Pizzeria Napoli,5,2023-12-05
Alice,Cannoli,Cucina Siciliana,4,2023-12-05
Marco,Lasagna,Pizzeria Napoli,3,2023-10-21
Matteo,Gnocchi,Pizzeria Napoli,5,2023-04-25
Chiara,Lasagna,Trattoria Milano,2,2023-05-22
Francesca,Risotto alla Milanese,Trattoria Milano,5,2023-11-22
Francesca,Focaccia,Pizzeria Napoli,4,2023-04-09
Alessandro,Risotto alla Milanese,Osteria Firenze,4,2023-09-20
Davide,Lasagna,Trattoria Milano,2,2023-05-20
Andrea,Tiramisu,Trattoria Milano,4,2023-12-02
Francesco,Cannoli,Ristorante Roma,2,2023-07-04
Lorenzo,Cannoli,Osteria Firenze,1,2023-05-19
Giulia,Lasagna,Trattoria Milano,2,2023-02-28
Giorgio,Gnocchi,Cucina Siciliana,3,2023-08-01
Andrea,Gnocchi,Cucina Siciliana,4,2023-07-26
Simone,Spaghetti Carbonara,Pizzeria Napoli,1,2023-01-11
Luca,Tiramisu,Trattoria Milano,2,2023-10-24
Francesca,Risotto alla Milanese,Trattoria Milano,3,2023-08-18
Andrea,Risotto alla Milanese,Pizzeria Napoli,3,2023-10-27
Giorgio,Focaccia,Trattoria Milano,1,2023-02-28
Silvia,Focaccia,Pizzeria Napoli,1,2023-10-28
Martina,Panna Cotta,Ristorante Roma,5,2023-08-09
Martina,Tiramisu,Cucina Siciliana,1,2023-04-18
Andrea,Bruschetta,Trattoria Milano,2,2023-09-02
Elena,Panna Cotta,Ristorante Roma,4,2023-10-09
Martina,Bruschetta,Trattoria Milano,4,2023-07-28
Giulia,Pizza Margherita,Osteria Firenze,4,2023-04-24
Giulia,Bruschetta,Trattoria Milano,5,2023-12-05
Silvia,Gnocchi,Cucina Siciliana,2,2023-05-18
Valentina,Spaghetti Carbonara,Trattoria Milano,4,2023-06-24
Chiara,Lasagna,Cucina Siciliana,4,2023-06-14
Alice,Lasagna,Ristorante Roma,1,2023-04-20
Federica,Focaccia,Osteria Firenze,5,2023-11-16
Matteo,Lasagna,Cucina Siciliana,3,2023-07-14
Chiara,Pizza Margherita,Cucina Siciliana,5,2023-07-14
Simone,Pizza Margherita,Ristorante Roma,4,2023-02-05
Francesco,Lasagna,Osteria Firenze,3,2023-01-21
Marco,Pizza Margherita,Pizzeria Napoli,3,2023-06-23
Sara,Lasagna,Osteria Firenze,5,2023-09-06
Giulia,Tiramisu,Pizzeria Napoli,3,2023-09-08
Luca,Lasagna,Pizzeria Napoli,3,2023-07-15
Andrea,Focaccia,Trattoria Milano,3,2023-04-14
Marco,Pizza Margherita,Trattoria Milano,5,2023-01-17
Giulia,Lasagna,Cucina Siciliana,3,2023-01-03
Marco,Tiramisu,Osteria Firenze,4,2023-12-20
Francesco,Lasagna,Ristorante Roma,4,2023-03-22
Lorenzo,Focaccia,Osteria Firenze,5,2023-11-13
Francesco,Bruschetta,Pizzeria Napoli,4,2023-05-13
Andrea,Risotto alla Milanese,Pizzeria Napoli,2,2023-10-16
Lorenzo,Cannoli,Osteria Firenze,5,2023-12-09
Silvia,Panna Cotta,Osteria Firenze,3,2023-12-15
Valentina,Cannoli,Trattoria Milano,3,2023-11-06
Giulia,Risotto alla Milanese,Pizzeria Napoli,1,2023-10-28
Luca,Risotto alla Milanese,Osteria Firenze,4,2023-06-15
Alessandro,Gnocchi,Cucina Siciliana,4,2023-09-12
Chiara,Risotto alla Milanese,Cucina Siciliana,5,2023-05-24
Alice,Bruschetta,Cucina Siciliana,1,2023-06-22
Silvia,Focaccia,Pizzeria Napoli,3,2023-01-07
Valentina,Cannoli,Osteria Firenze,4,2023-06-09
Francesco,Gnocchi,Trattoria Milano,4,2023-11-15
Lorenzo,Pizza Margherita,Pizzeria Napoli,3,2023-12-17
Marco,Lasagna,Cucina Siciliana,5,2023-08-25
Lorenzo,Focaccia,Trattoria Milano,3,2023-05-22
Silvia,Cannoli,Ristorante Roma,2,2023-07-22
Giorgio,Spaghetti Carbonara,Ristorante Roma,1,2023-10-10
Alessandro,Spaghetti Carbonara,Osteria Firenze,4,2023-01-01
Elena,Tiramisu,Pizzeria Napoli,2,2023-04-17
Francesca,Focaccia,Trattoria Milano,4,2023-01-07
Federica,Bruschetta,Cucina Siciliana,3,2023-08-24
Lorenzo,Lasagna,Trattoria Milano,4,2023-11-11
Valentina,Bruschetta,Trattoria Milano,4,2023-12-16
Marco,Lasagna,Cucina Siciliana,1,2023-07-16
Valentina,Cannoli,Ristorante Roma,4,2023-06-11
Giulia,Lasagna,Trattoria Milano,2,2023-05-07
Luca,Cannoli,Trattoria Milano,2,2023-06-06
Elena,Panna Cotta,Osteria Firenze,5,2023-02-05
Martina,Pizza Margherita,Trattoria Milano,5,2023-12-22
Alessandro,Bruschetta,Cucina Siciliana,4,2023-07-01
Andrea,Tiramisu,Trattoria Milano,4,2023-07-21
Elena,Focaccia,Trattoria Milano,3,2023-07-11
Federica,Focaccia,Cucina Siciliana,2,2023-01-12
Andrea,Lasagna,Osteria Firenze,2,2023-04-17
Giulia,Panna Cotta,Trattoria Milano,4,2023-06-10
Alice,Gnocchi,Pizzeria Napoli,4,2023-03-23
Giorgio,Bruschetta,Trattoria Milano,5,2023-06-05
Matteo,Cannoli,Cucina Siciliana,3,2023-10-27
Alessandro,Cannoli,Cucina Siciliana,3,2023-03-19
Martina,Risotto alla Milanese,Pizzeria Napoli,5,2023-03-03
Sara,Panna Cotta,Trattoria Milano,4,2023-04-19
Marco,Panna Cotta,Cucina Siciliana,3,2023-09-28
Valentina,Tiramisu,Ristorante Roma,2,2023-09-22
Giorgio,Tiramisu,Pizzeria Napoli,1,2023-10-11
Alice,Panna Cotta,Ristorante Roma,1,2023-02-12
Giorgio,Cannoli,Ristorante Roma,4,2023-09-23
Andrea,Focaccia,Cucina Siciliana,3,2023-09-18
Francesco,Spaghetti Carbonara,Osteria Firenze,4,2023-09-28
Lorenzo,Panna Cotta,Osteria Firenze,1,2023-08-20
Luca,Lasagna,Ristorante Roma,2,2023-03-26
Sara,Focaccia,Cucina Siciliana,5,2023-05-25
Silvia,Focaccia,Trattoria Milano,2,2023-02-10
Francesco,Spaghetti Carbonara,Pizzeria Napoli,5,2023-02-15
Andrea,Risotto alla Milanese,Osteria Firenze,5,2023-10-14
Valentina,Focaccia,Cucina Siciliana,4,2023-08-09
Luca,Risotto alla Milanese,Osteria Firenze,3,2023-02-12
Luca,Risotto alla Milanese,Pizzeria Napoli,3,2023-04-17
Matteo,Cannoli,Osteria Firenze,2,2023-03-08
