Yıl,Ülke,Marka,Model,Araç Türü,Motor Tipi,Satış Adedi,Ortalama Fiyat (USD),Yakıt Tüketimi (L/100km),CO2 Emisyonu (g/km),Müşteri Memnuniyeti Puanı
2015,Çin,Mercedes,Model C,Sedan,Dizel,47436,30256,7.3,72.4,5.3
2019,Güney Kore,Honda,Model A,Coupe,Elektrik,18609,57055,0.0,0.0,9.7
2023,Almanya,Mercedes,Model E,Hatchback,Benzin,10840,84029,13.9,138.3,6.4
2018,Japonya,Honda,Model D,Sedan,Dizel,47992,40929,2.6,172.4,6.6
2021,ABD,Mercedes,Model C,Hatchback,Hibrit,42112,99193,11.1,228.2,6.7
2016,Hindistan,BMW,Model C,Coupe,Dizel,32455,25460,9.9,182.2,5.7
2021,Brezilya,Nissan,Model C,SUV,Benzin,35870,78720,6.2,191.9,7.6
2020,Almanya,Mercedes,Model A,Coupe,Dizel,2375,17366,3.8,154.3,7.5
2023,ABD,Ford,Model D,Sedan,Benzin,10767,91499,8.4,241.0,6.5
2022,Almanya,Toyota,Model B,Sedan,Benzin,1028,37089,7.4,195.1,9.6
2021,Japonya,Toyota,Model D,Pickup,Benzin,44118,20832,8.8,77.2,5.4
2022,Hindistan,Ford,Model E,Sedan,Hibrit,20798,87412,12.6,130.2,6.0
2015,Fransa,Toyota,Model C,Coupe,Elektrik,31145,45040,0.0,0.0,9.0
2019,Almanya,Mercedes,Model D,Minivan,Dizel,1464,28118,9.5,242.2,8.2
2021,Japonya,BMW,Model C,Minivan,Elektrik,35986,92096,0.0,0.0,7.3
2018,İngiltere,Nissan,Model B,Minivan,Benzin,31096,90996,11.2,112.7,9.7
2022,Fransa,Honda,Model C,Hatchback,Benzin,16415,46125,2.9,218.0,8.3
2020,Çin,Hyundai,Model C,Minivan,Benzin,32577,70781,9.7,150.9,5.5
2016,Çin,Volkswagen,Model D,Coupe,Benzin,26555,40850,8.6,205.5,9.2
2024,İngiltere,Renault,Model A,SUV,Elektrik,32241,83159,0.0,0.0,5.5
2015,Fransa,Hyundai,Model A,Hatchback,Elektrik,43593,24957,0.0,0.0,8.0
2017,İngiltere,Honda,Model E,Sedan,Benzin,38734,17907,10.6,91.6,5.8
2020,İngiltere,Ford,Model A,Coupe,Benzin,48048,55685,14.5,117.8,6.1
2019,Brezilya,Volkswagen,Model B,Hatchback,Dizel,34315,89271,8.8,68.5,7.2
2022,Hindistan,Ford,Model E,SUV,Hibrit,1849,23283,3.2,150.7,8.8
2022,Fransa,Volkswagen,Model C,Hatchback,Hibrit,4133,95173,11.6,85.2,9.8
2015,Almanya,Volkswagen,Model D,Coupe,Dizel,42042,18189,10.4,160.7,5.9
2024,Brezilya,Toyota,Model E,Hatchback,Hibrit,34493,63070,4.0,77.6,5.4
2017,Türkiye,Honda,Model A,Pickup,Elektrik,47215,48204,0.0,0.0,8.3
2017,Brezilya,BMW,Model B,Sedan,Benzin,43924,54670,12.2,69.1,7.1
2020,Türkiye,Toyota,Model D,Coupe,Dizel,45382,18629,13.6,206.3,8.8
2015,Çin,Toyota,Model D,Hatchback,Dizel,2276,53579,9.6,168.4,6.6
2019,Çin,Honda,Model E,Sedan,Elektrik,4210,62629,0.0,0.0,8.7
2023,Brezilya,BMW,Model D,Sedan,Dizel,40956,99650,5.6,215.4,7.7
2023,Japonya,Chevrolet,Model C,Minivan,Benzin,29619,23173,4.0,84.4,9.5
2020,İngiltere,Honda,Model A,Pickup,Dizel,13229,36948,9.1,102.4,7.2
2016,Güney Kore,Ford,Model B,Minivan,Dizel,34690,33252,7.5,91.9,9.3
2018,İngiltere,Volkswagen,Model A,Coupe,Dizel,536,36434,8.1,148.3,7.6
2023,Brezilya,Chevrolet,Model B,Hatchback,Hibrit,34706,28375,3.9,101.0,8.5
2022,İngiltere,Hyundai,Model D,Pickup,Dizel,19996,34384,2.5,147.7,9.3
2018,ABD,Volkswagen,Model C,Minivan,Hibrit,13840,92800,7.4,77.7,6.1
2017,İngiltere,Chevrolet,Model C,Pickup,Hibrit,49335,31462,12.5,161.5,6.7
2015,Güney Kore,Honda,Model D,Coupe,Elektrik,11159,89007,0.0,0.0,6.6
2024,İngiltere,Chevrolet,Model D,Minivan,Dizel,732,31963,2.7,246.1,6.3
2024,Güney Kore,Mercedes,Model E,Pickup,Dizel,43439,55152,12.4,104.7,7.5
2017,Hindistan,Toyota,Model C,Minivan,Elektrik,19719,48729,0.0,0.0,6.5
2022,Güney Kore,BMW,Model E,Hatchback,Hibrit,40398,61341,13.4,159.6,7.5
2018,Brezilya,Honda,Model A,Sedan,Elektrik,23763,80218,0.0,0.0,7.1
2023,Güney Kore,Ford,Model D,SUV,Dizel,6746,72001,3.4,142.9,8.5
2019,İngiltere,Toyota,Model D,SUV,Hibrit,5384,91375,12.2,125.2,8.5
2016,Türkiye,BMW,Model C,SUV,Elektrik,7302,71353,0.0,0.0,8.6
2019,İngiltere,BMW,Model E,Coupe,Hibrit,2094,71784,12.8,140.0,8.7
2018,ABD,Mercedes,Model B,Hatchback,Dizel,49044,54883,5.3,164.8,9.2
2016,İngiltere,Mercedes,Model C,Hatchback,Dizel,9443,55651,5.0,128.2,8.2
2019,Hindistan,BMW,Model D,Minivan,Benzin,24599,19637,13.2,199.2,8.2
2018,İngiltere,Honda,Model D,Sedan,Elektrik,38412,34996,0.0,0.0,7.7
2015,Fransa,Ford,Model C,Pickup,Elektrik,6116,57219,0.0,0.0,9.8
2019,Brezilya,Chevrolet,Model A,Pickup,Elektrik,23359,33135,0.0,0.0,5.3
2020,Brezilya,Honda,Model B,Minivan,Benzin,1972,35991,6.0,181.1,7.7
2019,Almanya,BMW,Model C,Minivan,Elektrik,17143,91853,0.0,0.0,6.6
2019,İngiltere,Honda,Model E,Coupe,Dizel,22314,83873,9.8,217.9,7.6
2015,Almanya,BMW,Model A,Hatchback,Benzin,30364,79522,10.3,204.1,9.4
2017,Japonya,Honda,Model C,Coupe,Dizel,20459,50194,2.8,196.0,7.9
2023,İngiltere,Hyundai,Model A,Hatchback,Benzin,11722,69004,7.8,195.6,6.7
2015,Almanya,Chevrolet,Model D,SUV,Dizel,19234,75081,11.0,211.5,6.0
2016,Brezilya,Honda,Model B,Hatchback,Benzin,33080,23056,9.4,246.7,9.5
2019,Japonya,Ford,Model E,Coupe,Elektrik,23753,80058,0.0,0.0,5.3
2015,Türkiye,Hyundai,Model E,SUV,Elektrik,26374,96678,0.0,0.0,6.3
2019,İngiltere,BMW,Model A,Pickup,Dizel,24504,89592,14.6,164.9,5.7
2023,Japonya,BMW,Model E,Hatchback,Benzin,29080,42650,7.0,118.4,5.7
2022,Çin,Volkswagen,Model D,Coupe,Dizel,10568,79910,6.6,124.7,6.3
2023,Güney Kore,Ford,Model B,Hatchback,Elektrik,41502,84164,0.0,0.0,7.4
2021,Brezilya,Nissan,Model C,Hatchback,Elektrik,14599,25691,0.0,0.0,9.5
2021,Güney Kore,Mercedes,Model D,SUV,Dizel,2585,22186,2.3,88.2,9.4
2020,Fransa,Hyundai,Model D,SUV,Dizel,30711,34895,5.6,135.9,9.4
2015,Türkiye,Toyota,Model C,Sedan,Elektrik,48693,38125,0.0,0.0,9.7
2018,Çin,Toyota,Model B,SUV,Elektrik,2708,57287,0.0,0.0,8.1
2023,Japonya,Honda,Model A,Hatchback,Hibrit,39258,66918,6.6,189.4,5.6
2015,Japonya,Honda,Model E,Hatchback,Hibrit,29275,55710,7.3,61.9,5.4
2021,ABD,Volkswagen,Model D,Sedan,Benzin,21974,37762,5.4,186.1,5.4
2021,Çin,Chevrolet,Model C,Hatchback,Dizel,24683,71969,13.5,84.9,9.2
2023,Güney Kore,Toyota,Model A,SUV,Elektrik,19249,29315,0.0,0.0,5.2
2021,Brezilya,Renault,Model C,Pickup,Hibrit,15995,62573,4.0,72.5,7.0
2015,Brezilya,Nissan,Model C,SUV,Elektrik,11705,64982,0.0,0.0,8.0
2016,Japonya,Renault,Model E,Coupe,Hibrit,11172,62887,13.0,216.0,7.1
2015,Brezilya,Volkswagen,Model E,SUV,Dizel,8203,85714,11.7,110.9,6.8
2021,İngiltere,Volkswagen,Model B,SUV,Hibrit,49966,76932,9.6,58.4,7.2
2021,ABD,Nissan,Model A,Minivan,Hibrit,28283,29786,11.9,207.8,6.4
2015,Almanya,Mercedes,Model E,Hatchback,Benzin,33175,64437,2.6,177.2,9.1
2024,Türkiye,Honda,Model E,Minivan,Dizel,14741,94342,8.8,192.0,8.8
2019,Güney Kore,Chevrolet,Model E,Sedan,Elektrik,47678,80103,0.0,0.0,6.6
2018,Japonya,Renault,Model D,Hatchback,Elektrik,33148,86474,0.0,0.0,8.0
2021,Fransa,Nissan,Model A,Hatchback,Benzin,12037,63268,14.2,118.8,8.9
2023,Fransa,Renault,Model C,Hatchback,Dizel,21092,72129,11.5,132.9,8.4
2019,ABD,Honda,Model D,Coupe,Benzin,43584,15147,12.4,89.5,6.2
2020,Brezilya,Nissan,Model B,SUV,Dizel,28490,68909,3.9,86.8,7.0
2023,İngiltere,Hyundai,Model D,Hatchback,Elektrik,21342,63033,0.0,0.0,6.7
2018,İngiltere,Ford,Model B,Sedan,Hibrit,31504,67909,13.0,142.1,9.1
2015,ABD,Hyundai,Model C,Coupe,Hibrit,41680,64006,2.9,213.2,9.1
2023,Güney Kore,Hyundai,Model E,Coupe,Benzin,4267,74064,13.7,92.9,6.7
2016,ABD,Chevrolet,Model D,Minivan,Hibrit,37250,74964,11.3,190.4,8.7
2020,Türkiye,Renault,Model E,Coupe,Elektrik,10725,31129,0.0,0.0,8.4
2020,Brezilya,Hyundai,Model E,Pickup,Elektrik,4116,62771,0.0,0.0,6.6
2017,Güney Kore,Ford,Model D,Hatchback,Dizel,34424,82530,2.9,202.3,6.8
2020,Brezilya,Volkswagen,Model E,Pickup,Dizel,13477,37220,5.4,131.6,9.2
2016,ABD,Nissan,Model A,Sedan,Benzin,47117,96589,2.8,204.0,6.5
2017,ABD,Toyota,Model E,Pickup,Hibrit,32351,70595,12.5,61.9,8.1
2018,Fransa,Renault,Model A,Sedan,Hibrit,42053,34477,13.8,78.6,6.1
2017,ABD,Volkswagen,Model E,Pickup,Hibrit,29343,19559,9.4,219.1,6.8
2019,İngiltere,Honda,Model B,Minivan,Elektrik,12239,80893,0.0,0.0,8.5
2024,Türkiye,Chevrolet,Model B,Coupe,Hibrit,46860,66778,9.4,239.5,6.8
2020,Japonya,Toyota,Model D,Pickup,Elektrik,45920,90265,0.0,0.0,8.5
2017,Brezilya,Toyota,Model D,SUV,Benzin,13269,15185,14.3,62.4,8.0
2024,Fransa,Renault,Model E,Hatchback,Dizel,37141,31223,7.5,98.8,9.3
2021,Almanya,Volkswagen,Model A,SUV,Benzin,18889,65771,3.8,191.6,8.0
2015,Almanya,Toyota,Model E,Minivan,Dizel,40307,44225,13.1,70.7,9.1
2024,Hindistan,Toyota,Model B,Hatchback,Benzin,42733,97730,14.0,53.1,7.2
2019,Fransa,Nissan,Model A,Minivan,Elektrik,10106,73678,0.0,0.0,9.2
2022,İngiltere,Mercedes,Model E,SUV,Elektrik,34311,64484,0.0,0.0,9.1
2019,Güney Kore,Nissan,Model C,Hatchback,Benzin,35039,62392,6.2,136.0,6.4
2018,Güney Kore,Volkswagen,Model A,Coupe,Benzin,34403,69739,13.5,214.5,7.5
2018,Çin,Hyundai,Model B,Pickup,Elektrik,14799,88574,0.0,0.0,9.9
2018,Hindistan,BMW,Model C,Minivan,Elektrik,4255,15054,0.0,0.0,8.6
2018,Fransa,Mercedes,Model A,Hatchback,Dizel,1542,79423,3.3,133.9,7.6
2023,Türkiye,Volkswagen,Model A,Hatchback,Benzin,30667,33987,13.0,120.5,6.6
2022,Çin,BMW,Model A,Sedan,Benzin,2954,42524,9.4,78.4,8.1
2017,Fransa,Hyundai,Model A,Minivan,Benzin,2297,79671,10.1,103.3,9.5
2024,Hindistan,Volkswagen,Model B,Hatchback,Elektrik,36623,94847,0.0,0.0,8.9
2021,Japonya,Honda,Model B,Hatchback,Elektrik,33727,88182,0.0,0.0,10.0
2023,İngiltere,BMW,Model B,Hatchback,Elektrik,27488,81468,0.0,0.0,5.4
2023,Çin,Mercedes,Model D,SUV,Benzin,31175,94128,11.1,178.2,6.1
2021,İngiltere,Chevrolet,Model C,SUV,Hibrit,37320,92860,3.0,76.6,8.7
2023,Almanya,Mercedes,Model C,Minivan,Elektrik,25858,95915,0.0,0.0,6.0
2020,Brezilya,Renault,Model A,SUV,Elektrik,38938,76704,0.0,0.0,6.5
2020,Hindistan,Nissan,Model C,Pickup,Elektrik,11550,96275,0.0,0.0,9.5
2023,Çin,Hyundai,Model A,SUV,Benzin,15262,72993,10.9,115.9,6.0
2022,Çin,BMW,Model D,Coupe,Elektrik,27225,97722,0.0,0.0,5.9
2015,Japonya,Ford,Model E,Minivan,Dizel,35761,25111,14.6,241.4,7.4
2022,Hindistan,Hyundai,Model D,Hatchback,Elektrik,41673,75184,0.0,0.0,9.1
2024,İngiltere,Honda,Model E,Hatchback,Benzin,40196,27451,9.2,195.2,8.1
2015,Brezilya,Mercedes,Model B,Minivan,Hibrit,2575,37230,7.8,110.8,8.1
2021,Türkiye,Honda,Model A,Minivan,Hibrit,2593,30863,12.7,51.0,8.0
2024,Güney Kore,Hyundai,Model C,Sedan,Hibrit,40677,82582,7.5,59.2,7.7
2023,İngiltere,Ford,Model E,Coupe,Dizel,10387,99605,6.1,73.0,6.4
2022,Fransa,Toyota,Model C,Pickup,Hibrit,20578,35213,11.5,55.0,7.1
2024,Almanya,Hyundai,Model A,Minivan,Benzin,37204,64806,10.9,219.2,9.5
2016,Çin,Volkswagen,Model A,Pickup,Hibrit,18333,22836,4.0,64.8,7.7
2015,ABD,Volkswagen,Model D,Minivan,Elektrik,28190,73948,0.0,0.0,5.7
2020,Fransa,BMW,Model D,Sedan,Hibrit,19136,75680,5.1,198.1,9.8
2024,Almanya,Nissan,Model B,Minivan,Hibrit,13255,46360,10.2,203.1,7.6
2021,Fransa,Honda,Model E,SUV,Hibrit,2551,21559,6.3,69.7,8.8
2018,Fransa,Chevrolet,Model B,Sedan,Dizel,16702,94477,14.6,190.4,7.0
2016,Güney Kore,Nissan,Model D,Pickup,Hibrit,35975,81719,10.5,173.7,5.0
2020,İngiltere,Chevrolet,Model A,Coupe,Benzin,37478,37260,4.8,75.7,5.2
2022,Brezilya,Mercedes,Model D,SUV,Benzin,29122,43251,7.6,205.8,8.5
2015,Japonya,Renault,Model E,Sedan,Elektrik,3613,98150,0.0,0.0,5.7
2017,Güney Kore,BMW,Model C,Minivan,Elektrik,36230,53921,0.0,0.0,8.6
2015,Fransa,Volkswagen,Model C,SUV,Benzin,26176,71894,10.0,61.3,9.4
2024,Japonya,Nissan,Model E,Coupe,Hibrit,8616,15809,3.9,137.3,6.7
2019,Hindistan,Hyundai,Model E,SUV,Elektrik,22278,95775,0.0,0.0,8.9
2022,Güney Kore,Renault,Model E,Sedan,Benzin,1029,82086,3.6,69.6,6.1
2024,Güney Kore,Chevrolet,Model E,Coupe,Hibrit,25267,49973,4.2,164.6,5.2
2015,İngiltere,Honda,Model D,Pickup,Benzin,45007,90717,7.9,221.6,9.6
2017,Japonya,Toyota,Model D,Pickup,Benzin,29438,21803,12.6,63.4,8.5
2019,Hindistan,Honda,Model C,Hatchback,Elektrik,14606,55791,0.0,0.0,8.2
2017,İngiltere,Chevrolet,Model A,Coupe,Hibrit,34318,68011,11.5,89.6,9.4
2019,ABD,Nissan,Model D,Pickup,Hibrit,41359,18716,13.6,186.1,8.5
2023,ABD,Toyota,Model B,Pickup,Benzin,36497,68112,4.6,180.5,6.7
2021,İngiltere,Mercedes,Model A,Coupe,Benzin,10524,15670,14.9,247.6,7.6
2017,Türkiye,Honda,Model C,Hatchback,Elektrik,38952,93660,0.0,0.0,7.7
2020,Türkiye,Ford,Model E,Sedan,Benzin,29845,41932,11.4,132.0,7.8
2022,İngiltere,Volkswagen,Model C,Pickup,Hibrit,35516,33312,14.3,127.5,6.0
2020,Çin,Hyundai,Model A,Coupe,Dizel,39542,44972,10.7,113.6,9.2
2022,Çin,Honda,Model E,Hatchback,Dizel,1036,17814,2.9,210.0,9.7
2018,Güney Kore,Hyundai,Model E,Sedan,Hibrit,5305,67686,5.7,116.6,8.0
2015,Hindistan,Mercedes,Model E,Hatchback,Hibrit,20959,85508,7.9,228.3,9.4
2016,Güney Kore,Renault,Model C,Sedan,Dizel,13911,88708,11.1,62.2,8.3
2015,Çin,BMW,Model A,Sedan,Dizel,1341,76311,13.0,184.3,6.3
2016,Hindistan,Honda,Model A,Minivan,Elektrik,35389,72595,0.0,0.0,5.8
2015,Fransa,Chevrolet,Model E,Hatchback,Elektrik,36971,79156,0.0,0.0,8.7
2016,Güney Kore,Mercedes,Model E,SUV,Benzin,19214,34919,5.8,221.5,9.2
2021,Güney Kore,Volkswagen,Model A,Coupe,Elektrik,22574,61053,0.0,0.0,8.7
2015,Fransa,Chevrolet,Model E,Minivan,Elektrik,40089,23398,0.0,0.0,7.9
2017,Almanya,Hyundai,Model D,Minivan,Hibrit,30857,71876,6.2,235.1,5.1
2021,Brezilya,Toyota,Model B,SUV,Hibrit,4217,62993,8.0,211.2,7.6
2023,Brezilya,Honda,Model B,Minivan,Elektrik,43812,27304,0.0,0.0,8.6
2024,Brezilya,Nissan,Model D,Pickup,Hibrit,31594,57991,14.2,133.2,6.2
2024,Fransa,BMW,Model D,Pickup,Benzin,45822,77233,3.2,241.6,7.5
2019,Çin,Toyota,Model D,Coupe,Hibrit,12440,53075,3.6,207.2,5.5
2021,İngiltere,Renault,Model B,Minivan,Dizel,21337,58619,12.5,95.2,5.3
2015,Türkiye,Nissan,Model D,SUV,Elektrik,3655,95825,0.0,0.0,5.7
2019,Güney Kore,BMW,Model D,Minivan,Dizel,35711,64435,5.6,104.5,5.4
2015,Brezilya,BMW,Model A,Sedan,Hibrit,35716,82417,10.3,111.0,5.7
2024,Brezilya,Mercedes,Model B,Coupe,Benzin,4229,15790,4.7,247.9,6.9
2023,Çin,Mercedes,Model A,Coupe,Hibrit,21598,96466,11.4,117.8,5.1
2023,İngiltere,Nissan,Model E,SUV,Elektrik,33289,88666,0.0,0.0,6.2
2018,Almanya,Chevrolet,Model E,Sedan,Dizel,46192,54057,10.7,126.9,8.6
2020,Çin,BMW,Model B,Minivan,Benzin,14738,38136,6.1,151.6,5.6
2015,Japonya,BMW,Model C,Hatchback,Benzin,12376,85761,5.1,215.3,5.5
2023,Fransa,Renault,Model B,Hatchback,Dizel,49841,32726,9.4,67.4,9.3
2024,İngiltere,Honda,Model B,Hatchback,Hibrit,19166,71596,10.1,59.9,6.7
2022,Hindistan,Volkswagen,Model B,SUV,Elektrik,22581,92594,0.0,0.0,6.2
2015,Brezilya,Mercedes,Model B,SUV,Benzin,42875,59336,7.5,86.1,9.3
2021,Brezilya,Hyundai,Model D,Pickup,Dizel,10992,30181,2.6,87.2,10.0
2022,Fransa,Chevrolet,Model B,Minivan,Elektrik,7752,48249,0.0,0.0,9.7
2017,Güney Kore,Mercedes,Model E,Coupe,Hibrit,19100,88848,13.4,239.4,9.1
2015,Japonya,Toyota,Model C,SUV,Elektrik,33458,70450,0.0,0.0,9.6
2018,Fransa,Nissan,Model C,Pickup,Elektrik,8754,47800,0.0,0.0,8.1
2020,Hindistan,Ford,Model E,Minivan,Dizel,19859,28731,4.6,64.6,6.8
2015,İngiltere,BMW,Model D,Pickup,Benzin,47089,94193,9.5,142.0,5.6
2021,İngiltere,BMW,Model E,Pickup,Hibrit,42373,32934,8.3,176.3,6.9
2019,Brezilya,Nissan,Model A,Sedan,Hibrit,12180,71020,5.5,216.0,9.1
2022,Japonya,Volkswagen,Model A,Hatchback,Elektrik,20000,69348,0.0,0.0,6.7
2024,İngiltere,Honda,Model D,SUV,Elektrik,6255,27184,0.0,0.0,5.2
2016,Brezilya,Honda,Model C,Coupe,Elektrik,32745,64156,0.0,0.0,6.9
2019,İngiltere,Volkswagen,Model E,Coupe,Dizel,38766,39532,8.8,168.4,9.7
2017,Brezilya,Toyota,Model D,Sedan,Dizel,6243,27259,14.6,73.8,6.8
2020,Almanya,Mercedes,Model B,Pickup,Hibrit,1817,60486,9.7,161.9,8.7
2021,ABD,BMW,Model B,Sedan,Hibrit,16744,35114,11.3,166.4,6.0
2015,Güney Kore,Chevrolet,Model A,SUV,Elektrik,5292,60372,0.0,0.0,8.5
2020,Japonya,Volkswagen,Model B,Coupe,Benzin,47335,88639,2.1,207.8,6.1
2019,ABD,Chevrolet,Model A,Coupe,Hibrit,41973,16544,4.2,192.8,5.6
2019,Çin,Volkswagen,Model A,SUV,Hibrit,21924,36035,9.9,180.3,5.5
2018,Çin,Honda,Model C,Sedan,Elektrik,40089,38238,0.0,0.0,9.2
2015,Fransa,Honda,Model B,Minivan,Elektrik,11096,44592,0.0,0.0,9.9
2020,Hindistan,Honda,Model B,Minivan,Dizel,42218,90160,15.0,144.7,8.9
2018,ABD,Chevrolet,Model B,Coupe,Elektrik,4864,67253,0.0,0.0,5.2
2016,Almanya,Ford,Model B,SUV,Benzin,49136,33287,3.8,226.0,9.1
2020,Almanya,Chevrolet,Model E,Coupe,Dizel,33239,35791,13.8,167.1,6.0
2022,Hindistan,Renault,Model C,SUV,Hibrit,38459,30545,9.4,54.5,9.8
2022,Çin,Volkswagen,Model D,Hatchback,Benzin,31239,24837,4.3,59.3,6.8
2023,Güney Kore,Nissan,Model A,Hatchback,Elektrik,3773,47954,0.0,0.0,5.5
2024,ABD,Chevrolet,Model B,Hatchback,Dizel,41059,33687,3.7,178.5,7.8
2017,Güney Kore,Hyundai,Model A,Coupe,Elektrik,15552,36640,0.0,0.0,9.9
2016,İngiltere,Toyota,Model E,Pickup,Hibrit,30254,84520,13.7,216.9,5.9
2017,Brezilya,BMW,Model D,Coupe,Hibrit,29222,28684,6.0,103.6,7.1
2024,İngiltere,Nissan,Model E,Pickup,Hibrit,29282,92645,12.0,145.1,8.9
2021,İngiltere,Volkswagen,Model E,Hatchback,Benzin,1474,97405,14.6,110.2,5.9
2017,Hindistan,Mercedes,Model B,Hatchback,Elektrik,49544,60128,0.0,0.0,5.2
2021,İngiltere,Mercedes,Model E,Coupe,Benzin,11601,49923,6.2,156.1,6.8
2024,Hindistan,Ford,Model E,Coupe,Hibrit,22465,71915,2.1,131.1,6.4
2021,ABD,Hyundai,Model C,Sedan,Elektrik,26459,99775,0.0,0.0,5.6
2016,İngiltere,Hyundai,Model A,SUV,Elektrik,42509,45156,0.0,0.0,6.0
2021,Fransa,Renault,Model E,Coupe,Hibrit,19776,82627,4.7,246.8,7.8
2021,Hindistan,Ford,Model A,Minivan,Dizel,43779,53811,6.5,126.0,9.3
2017,İngiltere,BMW,Model B,Coupe,Hibrit,46119,95772,5.9,134.7,7.2
2015,ABD,Chevrolet,Model A,Minivan,Elektrik,43885,81720,0.0,0.0,6.4
2019,Almanya,Ford,Model C,SUV,Hibrit,22005,28140,10.5,175.9,5.7
2019,Almanya,Volkswagen,Model E,Coupe,Elektrik,6218,55086,0.0,0.0,5.1
2016,ABD,Mercedes,Model C,Coupe,Hibrit,24385,48987,3.2,236.0,7.5
2016,Hindistan,Chevrolet,Model C,Coupe,Hibrit,19369,81865,9.9,144.2,7.6
2020,Hindistan,Honda,Model D,Minivan,Hibrit,36244,45478,10.0,110.9,9.2
2017,İngiltere,Ford,Model D,Minivan,Benzin,20795,56703,13.8,234.8,5.4
2016,Brezilya,Toyota,Model E,SUV,Hibrit,26058,65232,13.2,178.9,9.6
2022,Fransa,Mercedes,Model C,Hatchback,Dizel,6238,69309,12.8,58.0,8.4
2015,Hindistan,Nissan,Model B,SUV,Elektrik,26102,91283,0.0,0.0,6.6
2020,Brezilya,Ford,Model A,Minivan,Dizel,36077,33840,10.4,126.1,7.2
2020,Japonya,Volkswagen,Model A,Coupe,Benzin,9057,58267,5.1,124.0,6.2
2024,İngiltere,Renault,Model B,Pickup,Benzin,929,86333,6.0,68.2,7.0
2016,Fransa,Toyota,Model B,Hatchback,Dizel,16384,79706,12.6,89.0,8.1
2020,Hindistan,Nissan,Model A,Coupe,Elektrik,46857,48506,0.0,0.0,10.0
2021,ABD,Nissan,Model E,Hatchback,Elektrik,12960,52975,0.0,0.0,5.5
2021,İngiltere,Chevrolet,Model D,SUV,Elektrik,33314,58379,0.0,0.0,7.1
2017,Brezilya,Chevrolet,Model C,Coupe,Benzin,27997,36564,2.1,77.4,9.0
2024,Türkiye,Mercedes,Model B,Sedan,Elektrik,11190,45443,0.0,0.0,5.9
2015,Hindistan,Renault,Model A,Hatchback,Benzin,13061,23944,8.6,88.0,9.6
2016,Hindistan,Hyundai,Model A,Minivan,Elektrik,32301,28943,0.0,0.0,9.8
2015,ABD,Chevrolet,Model C,SUV,Benzin,30755,94776,9.7,114.9,9.1
2016,ABD,Nissan,Model C,SUV,Hibrit,44417,71422,14.7,130.1,5.4
2020,İngiltere,Honda,Model B,Hatchback,Benzin,7083,20598,6.6,170.0,7.4
2022,ABD,Honda,Model A,Sedan,Elektrik,37836,76114,0.0,0.0,9.0
2016,Hindistan,Nissan,Model A,Minivan,Benzin,29958,53212,6.2,159.4,7.5
2020,Brezilya,Nissan,Model C,SUV,Dizel,10438,49021,2.9,83.1,9.1
2023,Çin,Volkswagen,Model C,Hatchback,Elektrik,17424,99741,0.0,0.0,9.1
2017,Türkiye,Mercedes,Model D,Coupe,Hibrit,22161,38411,4.9,141.5,6.1
2017,Almanya,Hyundai,Model A,Minivan,Hibrit,21358,57183,6.4,91.9,8.4
2024,İngiltere,Chevrolet,Model C,Sedan,Benzin,25698,48507,12.5,71.7,5.0
2017,Almanya,Renault,Model A,Minivan,Hibrit,27396,22299,3.5,84.1,5.1
2018,Çin,Honda,Model C,Minivan,Elektrik,36483,68913,0.0,0.0,7.1
2022,Güney Kore,Hyundai,Model D,Sedan,Hibrit,3050,53869,11.5,53.8,6.1
2017,Fransa,Volkswagen,Model E,Minivan,Elektrik,24975,34263,0.0,0.0,6.6
2023,Türkiye,Nissan,Model A,Minivan,Elektrik,20441,98634,0.0,0.0,6.6
2015,Güney Kore,Mercedes,Model A,Hatchback,Hibrit,45843,55151,14.7,172.7,5.8
2019,Brezilya,Renault,Model E,SUV,Elektrik,11347,77825,0.0,0.0,5.4
2021,Almanya,Toyota,Model D,Sedan,Dizel,23293,19742,2.6,55.4,5.1
2021,Çin,Renault,Model A,Sedan,Elektrik,4267,98834,0.0,0.0,5.3
2018,Almanya,Mercedes,Model C,Hatchback,Elektrik,48670,85856,0.0,0.0,7.1
2024,Türkiye,Mercedes,Model C,Pickup,Dizel,5812,80611,13.6,249.1,9.6
2016,Çin,Ford,Model D,SUV,Dizel,17460,24667,5.6,75.9,5.6
2019,Japonya,Honda,Model A,SUV,Hibrit,30375,29406,8.5,71.8,8.2
2020,Japonya,Chevrolet,Model C,Coupe,Elektrik,45794,60486,0.0,0.0,8.4
2022,Fransa,Renault,Model B,Pickup,Hibrit,41388,63823,2.2,92.1,8.2
2024,Japonya,Toyota,Model D,Hatchback,Elektrik,981,72426,0.0,0.0,8.0
2017,Türkiye,Nissan,Model C,Coupe,Hibrit,9835,82423,9.0,108.2,5.3
2022,Türkiye,Nissan,Model A,Pickup,Dizel,36763,88550,8.8,194.5,6.1
2016,ABD,Mercedes,Model D,Sedan,Dizel,1416,15819,7.5,81.5,6.7
2018,Almanya,Nissan,Model C,Minivan,Hibrit,41714,29213,13.3,107.9,8.5
2018,Çin,Toyota,Model E,Coupe,Hibrit,26739,89683,3.2,99.5,9.5
2020,İngiltere,Nissan,Model D,Minivan,Benzin,31782,24707,8.8,199.2,5.4
2019,Brezilya,Hyundai,Model C,Minivan,Elektrik,28642,72852,0.0,0.0,8.7
2015,Türkiye,Nissan,Model D,Pickup,Dizel,33350,88829,10.5,135.4,8.9
2024,İngiltere,Volkswagen,Model D,Sedan,Dizel,13803,80990,5.2,237.3,9.6
2022,Güney Kore,Toyota,Model D,Sedan,Hibrit,25984,87308,10.3,161.7,5.1
2022,Almanya,Nissan,Model B,Coupe,Benzin,38327,47535,2.3,156.9,5.1
2023,Hindistan,BMW,Model E,SUV,Benzin,10314,93495,10.4,60.4,6.5
2022,Japonya,Nissan,Model E,Coupe,Elektrik,29606,88481,0.0,0.0,8.0
2023,ABD,Mercedes,Model E,Pickup,Benzin,17754,69107,3.0,202.0,9.2
2021,Çin,Honda,Model C,SUV,Elektrik,14147,92061,0.0,0.0,9.4
2022,ABD,Volkswagen,Model E,Pickup,Hibrit,17099,80508,2.4,75.4,7.8
2020,Çin,Mercedes,Model A,SUV,Hibrit,33211,46681,11.7,169.9,5.9
2024,Güney Kore,Volkswagen,Model D,Sedan,Elektrik,9898,59900,0.0,0.0,8.8
2015,Japonya,Renault,Model A,Minivan,Benzin,38869,20258,7.6,171.3,8.3
2022,İngiltere,Mercedes,Model C,Sedan,Hibrit,49990,70349,10.7,131.1,6.2
2021,Brezilya,BMW,Model D,Minivan,Benzin,41719,86960,12.3,233.6,8.7
2022,ABD,Volkswagen,Model D,Minivan,Dizel,47225,96940,11.0,180.6,9.6
2020,Almanya,Chevrolet,Model A,Minivan,Elektrik,15266,17307,0.0,0.0,8.2
2022,Çin,Toyota,Model D,Coupe,Dizel,16515,59495,6.1,99.3,7.1
2017,Fransa,Nissan,Model C,Pickup,Hibrit,7165,79819,2.3,229.6,6.9
2020,Çin,BMW,Model C,Hatchback,Elektrik,17159,24825,0.0,0.0,6.8
2021,Çin,Volkswagen,Model E,Hatchback,Hibrit,47218,83780,6.1,119.1,6.6
2016,Fransa,Toyota,Model B,Pickup,Benzin,28234,99033,2.3,239.6,6.1
2015,Hindistan,Honda,Model D,Pickup,Hibrit,47031,40502,8.5,182.4,8.6
2017,Hindistan,Chevrolet,Model A,Coupe,Hibrit,9857,39019,14.3,151.8,6.2
2022,Çin,Volkswagen,Model D,SUV,Hibrit,7490,82823,8.3,122.7,5.5
2019,Hindistan,Toyota,Model B,Sedan,Hibrit,35954,67267,11.3,133.4,8.9
2017,Brezilya,Volkswagen,Model B,SUV,Hibrit,34965,92472,10.7,192.4,6.9
2015,Çin,Volkswagen,Model D,Hatchback,Dizel,49986,74851,6.1,232.4,9.0
2021,Almanya,Hyundai,Model C,SUV,Elektrik,38840,36507,0.0,0.0,6.5
2023,Güney Kore,Chevrolet,Model B,Minivan,Dizel,5080,58954,10.9,86.7,9.2
2020,Hindistan,Ford,Model E,Pickup,Dizel,21188,28892,10.5,125.9,7.6
2021,Fransa,Renault,Model B,Minivan,Hibrit,28309,73519,8.7,211.8,5.9
2022,Çin,Mercedes,Model A,SUV,Elektrik,35265,63134,0.0,0.0,5.4
2015,Japonya,BMW,Model C,Pickup,Benzin,8267,30860,7.4,161.5,9.2
2017,Fransa,Nissan,Model C,Hatchback,Dizel,21523,81338,3.1,62.4,6.9
2024,Hindistan,Hyundai,Model E,Sedan,Elektrik,2587,25756,0.0,0.0,9.1
2017,Japonya,Honda,Model B,Minivan,Elektrik,12758,67073,0.0,0.0,7.5
2024,İngiltere,Ford,Model D,Minivan,Benzin,17104,22494,12.7,91.1,6.8
2024,ABD,Hyundai,Model D,Minivan,Hibrit,34130,43818,13.2,193.3,7.0
2016,Japonya,Ford,Model C,Pickup,Benzin,44803,82703,4.4,197.1,7.9
2020,Çin,Toyota,Model D,Hatchback,Elektrik,12192,20736,0.0,0.0,6.8
2024,ABD,Nissan,Model B,Pickup,Elektrik,48018,64185,0.0,0.0,7.6
2020,Türkiye,Volkswagen,Model A,Hatchback,Elektrik,20562,18010,0.0,0.0,6.4
2020,Almanya,BMW,Model C,Hatchback,Elektrik,19573,94403,0.0,0.0,7.4
2020,Güney Kore,Ford,Model E,Coupe,Hibrit,36010,23474,11.1,69.4,7.3
2018,Brezilya,Volkswagen,Model B,Coupe,Elektrik,47747,99795,0.0,0.0,8.0
2018,İngiltere,Honda,Model A,Pickup,Hibrit,11599,52970,14.8,54.2,8.4
2023,Güney Kore,Honda,Model E,Minivan,Hibrit,35905,63084,10.9,63.2,6.8
2023,Japonya,Toyota,Model B,Coupe,Elektrik,12961,28515,0.0,0.0,7.4
2019,Brezilya,Ford,Model E,Pickup,Dizel,33940,99569,4.3,94.7,9.7
2015,Türkiye,Mercedes,Model C,Sedan,Benzin,14515,32543,13.8,79.4,5.7
2018,Fransa,Mercedes,Model E,Sedan,Hibrit,46365,60322,7.6,100.5,9.1
2015,Çin,Honda,Model B,SUV,Elektrik,49340,83519,0.0,0.0,9.4
2020,Japonya,Mercedes,Model B,Coupe,Benzin,14767,35753,5.2,201.8,5.6
2021,Hindistan,Nissan,Model E,Sedan,Benzin,45368,27410,12.5,226.6,8.2
2024,Japonya,Chevrolet,Model D,Coupe,Benzin,9345,61940,6.9,210.1,8.1
2016,Almanya,Hyundai,Model D,Minivan,Hibrit,34218,94369,6.7,161.4,5.9
2024,ABD,Renault,Model D,Sedan,Hibrit,22670,42962,11.2,231.3,7.9
2016,Güney Kore,Nissan,Model D,Minivan,Benzin,7827,22744,8.9,211.4,9.1
2022,Türkiye,Hyundai,Model E,Pickup,Dizel,33430,49163,7.9,186.6,6.2
2024,Fransa,BMW,Model C,Hatchback,Benzin,23822,57475,7.9,202.9,7.0
2020,Güney Kore,Honda,Model D,Hatchback,Benzin,6539,99882,14.0,87.3,9.4
2018,Fransa,Renault,Model E,Coupe,Benzin,25485,58809,11.4,97.6,6.6
2016,Hindistan,Honda,Model B,Minivan,Hibrit,48181,30135,9.3,204.8,8.7
2016,Almanya,Nissan,Model C,Coupe,Elektrik,12473,76502,0.0,0.0,8.8
2020,Almanya,Nissan,Model D,Pickup,Elektrik,30916,15744,0.0,0.0,9.9
2017,Türkiye,BMW,Model E,Minivan,Elektrik,6814,18795,0.0,0.0,5.2
2020,Türkiye,Chevrolet,Model E,Hatchback,Hibrit,993,90655,6.8,56.1,6.7
2016,Japonya,Volkswagen,Model D,Sedan,Benzin,19681,23945,11.0,110.4,7.1
2022,Brezilya,BMW,Model B,Coupe,Hibrit,22629,34722,4.7,174.9,5.0
2020,ABD,Volkswagen,Model C,Hatchback,Dizel,6030,84519,4.8,220.9,8.9
2018,Almanya,Ford,Model E,Minivan,Elektrik,15909,21551,0.0,0.0,9.6
2017,Çin,Volkswagen,Model D,Hatchback,Benzin,38383,28752,14.0,130.0,7.6
2018,Hindistan,BMW,Model D,Coupe,Dizel,23824,46832,13.3,95.4,7.7
2020,İngiltere,Nissan,Model E,Minivan,Elektrik,36967,40951,0.0,0.0,8.0
2018,ABD,Volkswagen,Model D,Pickup,Elektrik,28683,97355,0.0,0.0,8.0
2022,Hindistan,Mercedes,Model A,Hatchback,Benzin,29672,44454,13.2,160.1,6.5
2024,Hindistan,Ford,Model B,Sedan,Benzin,1145,28937,9.3,224.9,5.4
2020,ABD,Hyundai,Model A,Minivan,Dizel,5420,65711,14.7,212.9,9.1
2024,Çin,BMW,Model A,Sedan,Elektrik,18271,96653,0.0,0.0,8.8
2022,Almanya,Mercedes,Model B,Hatchback,Benzin,3968,82151,6.8,81.1,8.2
2018,Japonya,Mercedes,Model B,Coupe,Benzin,12804,85639,14.1,137.7,5.2
2020,Türkiye,Nissan,Model D,Coupe,Benzin,10245,38302,9.4,93.8,7.8
2017,Brezilya,Ford,Model B,Pickup,Benzin,37853,35986,7.2,169.7,9.5
2018,Güney Kore,Ford,Model E,Sedan,Benzin,15389,29713,13.3,65.7,7.0
2015,Türkiye,BMW,Model A,SUV,Elektrik,42159,35350,0.0,0.0,6.3
2018,Çin,Nissan,Model C,Hatchback,Elektrik,13723,60377,0.0,0.0,9.4
2019,Güney Kore,Honda,Model A,Hatchback,Elektrik,31016,64244,0.0,0.0,5.9
2020,Türkiye,Chevrolet,Model C,Pickup,Hibrit,39579,30427,5.3,240.1,6.9
2024,Almanya,Renault,Model D,Coupe,Hibrit,35997,41788,5.6,98.7,7.4
2020,ABD,Renault,Model B,SUV,Dizel,16419,75749,6.6,51.8,7.7
2018,İngiltere,Nissan,Model E,Pickup,Hibrit,18916,71878,15.0,230.4,9.4
2019,Almanya,Nissan,Model E,Coupe,Benzin,3757,79499,4.6,152.3,9.9
2021,İngiltere,Nissan,Model B,Hatchback,Hibrit,12802,78742,7.0,123.0,8.5
2019,Japonya,Ford,Model A,Hatchback,Hibrit,5970,31022,5.5,62.8,8.1
2023,Japonya,Toyota,Model D,Minivan,Elektrik,26834,33865,0.0,0.0,5.2
2023,ABD,Toyota,Model A,Pickup,Elektrik,46152,60929,0.0,0.0,5.3
2021,Hindistan,BMW,Model A,SUV,Benzin,41280,47193,13.9,226.2,6.7
2018,Brezilya,Renault,Model C,Hatchback,Elektrik,29328,62768,0.0,0.0,6.1
2024,Japonya,Ford,Model D,Sedan,Dizel,46853,91527,2.6,199.3,7.5
2018,İngiltere,Nissan,Model B,Hatchback,Elektrik,2929,69592,0.0,0.0,5.6
2022,Almanya,Renault,Model C,Pickup,Benzin,23641,92418,9.4,226.6,9.9
2022,Çin,Volkswagen,Model C,Sedan,Benzin,43693,45777,6.3,74.7,6.1
2022,Japonya,BMW,Model A,SUV,Dizel,39836,55143,10.0,204.4,9.5
2018,Çin,Ford,Model C,Sedan,Dizel,847,81684,3.9,71.2,9.2
2019,Japonya,Nissan,Model A,Pickup,Elektrik,7219,28077,0.0,0.0,6.9
2017,Türkiye,Chevrolet,Model E,Pickup,Elektrik,4511,42745,0.0,0.0,6.6
2022,Fransa,Mercedes,Model A,SUV,Benzin,35478,83457,12.4,87.2,5.3
2016,Japonya,Honda,Model C,Sedan,Dizel,43401,55861,5.4,123.5,9.4
2019,Türkiye,Nissan,Model B,Sedan,Dizel,38815,24902,2.0,105.1,6.8
2020,Almanya,Hyundai,Model A,Coupe,Dizel,23985,19253,12.3,124.8,5.4
2020,ABD,Toyota,Model C,Coupe,Benzin,39197,75846,11.0,172.2,9.6
2022,Brezilya,Toyota,Model B,Hatchback,Benzin,44276,71318,5.9,201.7,6.3
2023,İngiltere,Mercedes,Model A,Hatchback,Benzin,15208,42411,4.9,153.6,9.4
2019,Almanya,BMW,Model B,SUV,Dizel,47116,34665,6.7,98.9,9.6
2015,Almanya,Honda,Model B,Hatchback,Elektrik,48081,46845,0.0,0.0,7.8
2022,ABD,Volkswagen,Model C,Sedan,Elektrik,32093,48448,0.0,0.0,8.7
2024,Fransa,Renault,Model D,Hatchback,Benzin,29469,88569,12.6,157.7,6.7
2022,Türkiye,Hyundai,Model D,Coupe,Elektrik,3217,61272,0.0,0.0,9.6
2020,Almanya,Toyota,Model A,Hatchback,Elektrik,30735,79652,0.0,0.0,6.8
2017,Çin,Renault,Model D,Pickup,Hibrit,46844,65501,5.0,112.0,7.1
2021,Çin,BMW,Model D,SUV,Benzin,33955,42955,9.9,173.5,5.4
2021,Almanya,BMW,Model A,Pickup,Hibrit,16627,37157,11.3,141.0,5.0
2024,İngiltere,Chevrolet,Model A,Pickup,Elektrik,5733,84331,0.0,0.0,7.4
2017,Brezilya,Renault,Model B,SUV,Elektrik,12148,45019,0.0,0.0,6.2
2020,Brezilya,Toyota,Model B,SUV,Benzin,48549,98996,6.6,172.8,6.6
2015,İngiltere,Toyota,Model B,Sedan,Elektrik,43623,61294,0.0,0.0,9.9
2024,Türkiye,Hyundai,Model A,Minivan,Elektrik,10808,36833,0.0,0.0,5.6
2022,Japonya,Honda,Model A,Pickup,Benzin,40338,25887,5.3,210.3,9.6
2020,Türkiye,Renault,Model E,Hatchback,Hibrit,15160,80578,2.8,186.3,5.6
2024,İngiltere,Mercedes,Model D,SUV,Dizel,24105,55126,6.1,196.5,7.1
2019,İngiltere,BMW,Model A,Coupe,Dizel,24322,63066,7.1,215.5,5.7
2024,Japonya,Hyundai,Model B,Minivan,Benzin,36073,55313,13.3,80.8,5.7
2019,Almanya,Nissan,Model E,Hatchback,Elektrik,6683,21477,0.0,0.0,6.7
2019,Almanya,Nissan,Model D,Sedan,Hibrit,41984,46369,10.8,157.3,7.2
2017,Çin,Mercedes,Model C,Pickup,Dizel,24271,63142,4.9,241.7,6.4
2020,Brezilya,Chevrolet,Model A,Sedan,Dizel,37360,77092,9.2,243.9,7.2
2024,Japonya,Renault,Model C,Pickup,Dizel,45119,78491,13.3,241.5,8.8
2024,İngiltere,Ford,Model A,Hatchback,Benzin,27327,57785,13.6,137.7,8.1
2016,Fransa,Mercedes,Model E,Hatchback,Benzin,11949,23506,4.9,239.8,9.6
2015,Brezilya,Toyota,Model A,Minivan,Benzin,8214,16654,4.6,56.9,6.1
2024,Brezilya,Volkswagen,Model E,Minivan,Dizel,20590,17049,10.5,176.7,9.8
2015,Çin,Nissan,Model A,Hatchback,Elektrik,38261,69885,0.0,0.0,7.6
2016,Brezilya,Nissan,Model E,Pickup,Benzin,17539,93633,4.2,104.3,5.6
2021,Brezilya,Hyundai,Model C,Hatchback,Elektrik,27017,85543,0.0,0.0,9.0
2019,Almanya,Mercedes,Model B,Minivan,Dizel,17254,19749,10.0,137.2,9.3
2022,Çin,Nissan,Model D,Hatchback,Dizel,29529,56462,8.8,170.9,6.9
2021,İngiltere,Chevrolet,Model C,Minivan,Dizel,16294,33626,13.9,247.8,5.4
2021,İngiltere,Nissan,Model E,Sedan,Hibrit,15995,71520,3.2,155.3,8.1
2016,İngiltere,Volkswagen,Model C,Sedan,Elektrik,40459,69173,0.0,0.0,9.2
2017,İngiltere,Honda,Model B,Hatchback,Benzin,33270,93412,9.2,192.6,6.5
2024,Fransa,Nissan,Model D,Sedan,Elektrik,39012,40445,0.0,0.0,7.6
2018,Güney Kore,Volkswagen,Model C,Sedan,Elektrik,6703,51554,0.0,0.0,6.6
2018,Fransa,Ford,Model E,Pickup,Dizel,45259,18677,13.3,223.5,7.4
2018,Güney Kore,Volkswagen,Model D,SUV,Benzin,7608,32970,7.2,62.8,6.9
2017,İngiltere,Ford,Model E,Hatchback,Hibrit,38882,58541,9.6,157.2,7.8
2020,Brezilya,Mercedes,Model B,Coupe,Elektrik,45671,32972,0.0,0.0,9.7
2015,Japonya,Toyota,Model C,SUV,Elektrik,48423,18411,0.0,0.0,7.6
2018,Japonya,Chevrolet,Model C,Pickup,Benzin,31004,92850,8.3,105.6,5.5
2020,Güney Kore,Nissan,Model D,Hatchback,Dizel,15482,50259,8.4,205.9,7.2
2018,Güney Kore,Nissan,Model E,Hatchback,Hibrit,38866,25038,7.8,200.1,5.1
2018,Fransa,Nissan,Model D,Sedan,Dizel,36908,53810,10.3,148.4,9.9
2017,Türkiye,Honda,Model C,Coupe,Hibrit,32814,75151,14.1,204.1,7.1
2018,Brezilya,Mercedes,Model C,SUV,Dizel,36947,34880,13.5,100.8,9.8
2023,Hindistan,Hyundai,Model A,Hatchback,Benzin,26389,46258,5.8,56.4,8.5
2020,Brezilya,Honda,Model B,Minivan,Hibrit,41163,30386,2.6,136.6,8.8
2020,Japonya,Ford,Model B,SUV,Dizel,39679,30829,3.0,164.0,6.8
2024,Japonya,Renault,Model C,SUV,Benzin,24273,66498,6.1,58.4,9.0
2024,Japonya,Renault,Model A,Coupe,Dizel,36705,71398,13.8,244.5,5.1
2017,Fransa,Mercedes,Model A,Pickup,Benzin,7838,61640,8.9,62.7,7.7
2021,Japonya,Nissan,Model D,Hatchback,Elektrik,21899,76805,0.0,0.0,9.7
2022,Almanya,Hyundai,Model E,Coupe,Dizel,35731,23150,8.5,156.6,5.1
2024,Çin,Renault,Model A,Sedan,Hibrit,13380,24220,3.1,206.2,5.6
2021,Fransa,Honda,Model E,Coupe,Elektrik,16251,63693,0.0,0.0,5.1
2020,Fransa,Ford,Model C,Minivan,Benzin,10856,70972,6.5,71.0,7.1
2022,Güney Kore,Volkswagen,Model A,Hatchback,Benzin,46672,18148,9.2,146.3,8.3
2021,İngiltere,Hyundai,Model E,Hatchback,Dizel,20150,98906,7.8,237.1,8.4
2024,Japonya,Toyota,Model B,Sedan,Hibrit,24121,33244,4.8,72.7,7.8
2021,Hindistan,Honda,Model A,SUV,Elektrik,39930,90846,0.0,0.0,7.4
2021,Hindistan,Mercedes,Model A,Pickup,Benzin,45547,30208,13.7,220.0,7.2
2015,Brezilya,Honda,Model E,SUV,Benzin,1252,56263,10.1,56.4,9.6
2022,Almanya,Mercedes,Model A,Minivan,Dizel,27507,88931,5.0,107.8,9.1
2024,Güney Kore,Ford,Model D,Pickup,Benzin,4264,67065,3.3,60.4,6.1
2018,Brezilya,BMW,Model B,Pickup,Elektrik,41079,52038,0.0,0.0,5.0
2023,Güney Kore,Nissan,Model C,Minivan,Dizel,43951,97392,4.5,72.1,6.4
2019,Brezilya,Toyota,Model A,Sedan,Benzin,45978,89417,6.1,137.0,5.6
2018,Çin,BMW,Model A,Hatchback,Benzin,4925,42841,7.0,125.4,8.7
2018,ABD,Hyundai,Model B,Hatchback,Dizel,31941,64652,2.7,172.9,7.7
2020,Hindistan,Nissan,Model D,Pickup,Dizel,43728,75053,8.5,147.5,8.4
2015,Brezilya,Honda,Model A,Hatchback,Benzin,45564,39890,7.9,181.7,9.8
2022,Türkiye,Volkswagen,Model D,SUV,Benzin,15748,49444,6.2,141.4,5.4
2017,Türkiye,Nissan,Model A,Pickup,Hibrit,42396,26991,6.9,65.7,6.1
2019,Türkiye,Nissan,Model E,Minivan,Hibrit,19502,51602,6.7,58.8,8.9
2019,Güney Kore,Nissan,Model D,SUV,Benzin,44666,86743,6.5,164.2,6.4
2024,Çin,Renault,Model B,Sedan,Dizel,17233,43311,4.5,132.9,6.8
2023,Hindistan,Ford,Model E,Sedan,Elektrik,9262,45986,0.0,0.0,8.7
2020,Brezilya,Hyundai,Model E,SUV,Hibrit,20937,59446,4.4,178.2,6.8
2017,ABD,Nissan,Model B,Coupe,Dizel,40439,73547,6.5,195.0,7.7
2015,Çin,Renault,Model D,SUV,Elektrik,48713,77855,0.0,0.0,7.7
2016,Hindistan,Mercedes,Model E,Sedan,Benzin,951,22863,2.5,87.1,9.0
2022,ABD,Mercedes,Model D,Pickup,Benzin,42716,76686,5.2,65.9,7.8
2018,Çin,Nissan,Model C,Hatchback,Elektrik,15777,69129,0.0,0.0,6.7
2019,Türkiye,Toyota,Model B,Minivan,Benzin,19789,19164,10.0,163.1,6.8
2015,Hindistan,Nissan,Model C,Minivan,Benzin,42676,39038,11.3,69.0,8.7
2017,Almanya,Chevrolet,Model A,Coupe,Benzin,20439,87274,4.8,71.9,7.7
2019,Almanya,Hyundai,Model E,Minivan,Elektrik,8567,17878,0.0,0.0,7.3
2015,İngiltere,Toyota,Model A,Coupe,Hibrit,23005,80176,12.6,227.5,5.7
2017,İngiltere,Nissan,Model D,Pickup,Elektrik,27032,85038,0.0,0.0,6.4
2020,ABD,Chevrolet,Model C,Pickup,Hibrit,30264,23589,6.0,176.5,8.6
2018,Hindistan,Nissan,Model B,Minivan,Elektrik,26704,82778,0.0,0.0,8.3
2018,Hindistan,Ford,Model A,SUV,Elektrik,6246,85396,0.0,0.0,5.6
2015,Almanya,Toyota,Model E,Sedan,Hibrit,46404,27009,4.9,110.2,6.5
2023,Türkiye,Mercedes,Model E,Sedan,Elektrik,49807,95552,0.0,0.0,7.0
2015,Brezilya,Chevrolet,Model C,Coupe,Elektrik,36358,62314,0.0,0.0,8.2
2017,Türkiye,BMW,Model C,SUV,Hibrit,8335,64342,10.2,70.4,8.0
2016,İngiltere,Nissan,Model C,Hatchback,Elektrik,45542,83134,0.0,0.0,6.4
2022,ABD,Renault,Model C,Coupe,Elektrik,10257,86114,0.0,0.0,9.4
2023,Almanya,BMW,Model C,Sedan,Hibrit,10787,40733,7.3,171.7,9.1
2018,Çin,Hyundai,Model B,Minivan,Hibrit,11856,83254,5.0,245.0,7.5
2017,Güney Kore,Renault,Model A,Sedan,Elektrik,32379,29534,0.0,0.0,6.3
2023,Hindistan,Ford,Model D,Pickup,Hibrit,13863,71832,12.8,229.1,8.2
2020,Güney Kore,BMW,Model B,Pickup,Dizel,40220,37833,5.0,206.4,9.2
2016,İngiltere,Hyundai,Model B,Sedan,Elektrik,8565,29703,0.0,0.0,9.6
2024,Brezilya,BMW,Model E,Coupe,Benzin,48121,25520,15.0,59.6,7.6
2019,Almanya,Ford,Model C,Hatchback,Benzin,38073,47513,12.1,59.9,6.0
2020,İngiltere,Nissan,Model A,Coupe,Dizel,5858,85306,7.2,238.4,8.1
2015,ABD,Honda,Model E,Sedan,Benzin,23176,71382,10.2,58.1,6.1
2016,Brezilya,Ford,Model E,Coupe,Dizel,4370,79894,6.0,72.1,6.1
2015,Türkiye,Honda,Model C,Sedan,Dizel,5202,50100,11.4,199.7,6.1
2023,Türkiye,Ford,Model A,Hatchback,Hibrit,32764,57468,4.6,205.8,8.9
2022,İngiltere,Renault,Model B,Minivan,Dizel,5690,43077,3.5,121.3,8.0
2024,Çin,Toyota,Model A,Hatchback,Elektrik,15211,93052,0.0,0.0,6.7
2017,Türkiye,Volkswagen,Model B,Sedan,Benzin,11352,77067,8.7,170.3,7.2
2018,Çin,Mercedes,Model C,Sedan,Dizel,28676,20166,3.8,168.8,7.8
2015,ABD,Mercedes,Model C,Minivan,Dizel,6006,52065,4.3,159.9,8.2
2018,Hindistan,BMW,Model B,Sedan,Dizel,32888,97608,10.0,86.7,9.2
2015,Almanya,Toyota,Model A,SUV,Benzin,36325,24143,4.1,53.9,9.2
2024,İngiltere,BMW,Model A,Minivan,Benzin,17141,86821,7.0,115.5,7.0
2017,Brezilya,BMW,Model A,Coupe,Dizel,27717,94952,14.0,196.2,7.2
2018,Almanya,Honda,Model B,Sedan,Dizel,34699,20619,14.6,145.9,9.7
2018,Türkiye,BMW,Model B,Sedan,Benzin,25013,88243,5.3,164.3,8.0
2016,Fransa,Toyota,Model C,Coupe,Hibrit,25375,90783,7.2,181.9,7.7
2020,İngiltere,Nissan,Model A,Pickup,Elektrik,39949,81876,0.0,0.0,6.7
2015,ABD,Toyota,Model E,Pickup,Benzin,41607,66218,10.9,60.5,9.6
2022,Hindistan,Nissan,Model D,Sedan,Dizel,3425,55350,5.6,133.8,9.8
2024,Brezilya,Honda,Model A,Hatchback,Benzin,48619,24459,6.0,57.0,5.5
2020,Hindistan,Mercedes,Model C,Sedan,Benzin,32316,92692,8.3,116.3,7.1
2022,Çin,Toyota,Model C,SUV,Benzin,36608,89912,9.6,186.7,9.1
2015,Fransa,Renault,Model E,Hatchback,Benzin,10325,78877,6.3,167.8,8.1
2023,Brezilya,Nissan,Model B,Minivan,Benzin,34145,16575,6.6,176.7,8.6
2015,Almanya,Toyota,Model E,Coupe,Benzin,4368,77885,14.6,105.1,9.9
2023,Fransa,Renault,Model D,SUV,Benzin,30621,48139,11.9,119.9,8.6
2021,Türkiye,Toyota,Model E,Pickup,Benzin,23399,82264,2.0,206.7,8.9
2024,Güney Kore,Renault,Model B,Minivan,Hibrit,32502,90660,7.9,227.3,9.1
2017,Hindistan,Toyota,Model E,SUV,Dizel,39855,60287,6.6,192.2,8.6
2019,Fransa,Toyota,Model C,Minivan,Benzin,34586,46480,2.1,86.8,8.1
2016,İngiltere,Nissan,Model B,Pickup,Hibrit,40549,97084,8.4,170.5,7.0
2024,Japonya,BMW,Model E,SUV,Elektrik,16043,70639,0.0,0.0,7.8
2016,Türkiye,Honda,Model B,Minivan,Benzin,45680,40939,13.5,138.7,6.4
2018,Türkiye,Mercedes,Model E,Minivan,Benzin,14497,61082,2.5,186.0,9.3
2019,Brezilya,Renault,Model E,Sedan,Hibrit,45696,63843,9.0,182.1,9.1
2020,Türkiye,Renault,Model D,Hatchback,Hibrit,30778,30191,7.8,191.2,7.1
2023,Türkiye,Nissan,Model C,Pickup,Elektrik,10770,20114,0.0,0.0,6.8
2016,Brezilya,Honda,Model D,Sedan,Benzin,5638,99293,7.1,78.2,8.7
2024,Japonya,Chevrolet,Model D,Hatchback,Elektrik,45734,85069,0.0,0.0,6.0
2018,Brezilya,Hyundai,Model D,Hatchback,Benzin,10311,80183,13.9,248.3,6.4
2022,Fransa,BMW,Model A,Minivan,Hibrit,12495,92904,3.2,228.7,6.0
2022,Fransa,Honda,Model E,SUV,Dizel,25674,21506,9.0,75.2,6.6
2020,Türkiye,Chevrolet,Model C,Coupe,Benzin,18075,21041,7.0,177.7,6.2
2023,Brezilya,Renault,Model D,Sedan,Dizel,40484,66197,7.8,180.4,7.2
2018,Hindistan,Volkswagen,Model B,Sedan,Elektrik,46730,54761,0.0,0.0,7.0
2022,Türkiye,Honda,Model D,Minivan,Hibrit,1021,94515,7.2,180.2,7.5
2020,İngiltere,Honda,Model A,SUV,Benzin,18955,30138,14.6,201.7,5.8
2019,İngiltere,Renault,Model C,Hatchback,Benzin,4471,64743,8.5,241.9,5.6
2021,Brezilya,Honda,Model A,Sedan,Benzin,43065,60130,3.7,97.7,8.1
2019,Güney Kore,Honda,Model D,Pickup,Benzin,29134,64785,13.8,237.5,9.7
2022,Hindistan,Nissan,Model E,Minivan,Dizel,40658,60228,12.8,176.9,8.2
2019,Hindistan,Renault,Model B,Hatchback,Dizel,35310,31814,14.6,226.0,8.0
2020,ABD,Honda,Model D,Hatchback,Hibrit,9316,19863,9.3,60.2,9.1
2017,Güney Kore,Nissan,Model D,Hatchback,Dizel,1916,75343,11.4,214.3,6.7
2017,Brezilya,Volkswagen,Model B,Sedan,Elektrik,15865,71698,0.0,0.0,8.8
2024,Türkiye,Renault,Model D,SUV,Hibrit,4747,88829,9.1,159.8,9.4
2024,Hindistan,BMW,Model E,Coupe,Benzin,20423,32134,2.4,168.4,9.7
2024,ABD,Chevrolet,Model A,Sedan,Dizel,24980,18730,6.6,94.8,7.4
2016,Almanya,Honda,Model A,Pickup,Benzin,4006,89843,5.3,112.1,8.0
2015,Brezilya,Hyundai,Model D,Minivan,Hibrit,14202,75548,13.8,71.6,9.6
2016,Japonya,Toyota,Model B,Pickup,Benzin,8739,25547,2.1,169.4,9.2
2018,İngiltere,Mercedes,Model C,SUV,Dizel,42255,69298,9.5,57.1,8.5
2016,Almanya,Volkswagen,Model C,Hatchback,Hibrit,40488,99501,6.8,116.6,9.2
2017,Fransa,Renault,Model A,SUV,Benzin,939,36732,6.6,179.6,6.4
2018,Güney Kore,Chevrolet,Model B,SUV,Elektrik,49465,23471,0.0,0.0,7.2
2015,Hindistan,Nissan,Model B,Coupe,Hibrit,26733,47169,10.8,66.8,7.3
2019,İngiltere,BMW,Model A,Pickup,Hibrit,36541,19524,8.5,101.8,9.9
2020,Almanya,Ford,Model C,Minivan,Hibrit,31793,54090,13.2,89.9,6.9
2021,Japonya,Honda,Model C,Minivan,Hibrit,34484,98341,9.3,212.1,9.8
2019,ABD,Toyota,Model C,Sedan,Benzin,20878,96862,5.3,243.7,7.2
2022,Güney Kore,Volkswagen,Model E,Hatchback,Dizel,25622,77833,10.8,176.0,9.7
2020,Almanya,Toyota,Model C,Sedan,Elektrik,1767,72714,0.0,0.0,6.8
2018,Fransa,Mercedes,Model E,Coupe,Dizel,7054,98197,14.5,178.4,8.0
2015,Brezilya,Renault,Model E,Coupe,Benzin,46966,84063,10.9,230.1,7.9
2018,Çin,Toyota,Model A,SUV,Hibrit,3729,99945,7.3,64.7,9.6
2024,Fransa,Toyota,Model C,Hatchback,Elektrik,3932,18311,0.0,0.0,5.9
2016,Güney Kore,Chevrolet,Model B,Coupe,Benzin,35170,57814,2.4,248.7,5.2
2020,Güney Kore,Chevrolet,Model B,Sedan,Hibrit,39294,67824,14.2,59.7,7.4
2022,Türkiye,Honda,Model E,Pickup,Elektrik,29299,79659,0.0,0.0,5.4
2020,Japonya,Renault,Model D,Sedan,Benzin,2433,49908,10.0,115.1,5.1
2017,ABD,Ford,Model B,Coupe,Dizel,21014,91860,13.2,153.5,6.7
2016,Çin,Nissan,Model D,Minivan,Elektrik,25229,90164,0.0,0.0,5.5
2023,Hindistan,Ford,Model C,Pickup,Dizel,7536,42408,9.9,228.3,9.4
2019,Türkiye,Volkswagen,Model E,Pickup,Benzin,32841,81394,4.9,189.3,9.6
2018,Güney Kore,Chevrolet,Model E,Pickup,Elektrik,43908,66841,0.0,0.0,9.1
2016,Brezilya,Mercedes,Model C,Minivan,Benzin,10561,51720,2.9,194.5,5.7
2015,Hindistan,Chevrolet,Model C,Sedan,Dizel,45638,22221,5.0,94.3,9.9
2015,Güney Kore,BMW,Model A,SUV,Dizel,44277,92484,9.4,61.7,7.0
2018,Japonya,Chevrolet,Model A,Pickup,Hibrit,14436,41356,5.3,239.0,8.6
2018,Japonya,Volkswagen,Model D,SUV,Dizel,35941,27462,12.3,64.7,7.4
2021,Güney Kore,Chevrolet,Model C,Hatchback,Dizel,36698,42867,13.1,239.3,9.5
2015,Brezilya,Hyundai,Model D,Sedan,Hibrit,37907,96137,5.7,95.8,7.7
2019,Japonya,Volkswagen,Model C,Pickup,Dizel,29414,58082,12.0,90.1,8.8
2015,Japonya,BMW,Model D,Hatchback,Benzin,32669,37638,9.7,77.8,8.9
2016,İngiltere,Chevrolet,Model C,Pickup,Hibrit,15969,37028,6.3,87.1,6.5
2018,İngiltere,Honda,Model E,SUV,Hibrit,13050,61749,2.5,95.5,6.4
2020,ABD,Nissan,Model D,Pickup,Benzin,43485,46349,9.7,82.8,8.1
2024,Almanya,Mercedes,Model D,Sedan,Hibrit,49819,72370,8.7,131.0,9.6
2021,Brezilya,Renault,Model E,Minivan,Hibrit,46427,80934,7.6,246.1,9.4
2022,İngiltere,Chevrolet,Model A,Coupe,Elektrik,35223,67939,0.0,0.0,5.3
2016,ABD,Renault,Model C,Pickup,Dizel,8181,21223,6.1,216.0,5.9
2017,İngiltere,Mercedes,Model C,Hatchback,Benzin,42235,62560,3.0,114.0,6.2
2022,Çin,Toyota,Model D,Minivan,Hibrit,31182,18179,9.4,198.4,8.6
2022,Hindistan,BMW,Model A,Minivan,Benzin,29400,24269,11.2,187.9,9.1
2019,Fransa,Chevrolet,Model D,Pickup,Dizel,12815,82293,4.3,56.9,5.6
2023,Fransa,BMW,Model D,Hatchback,Dizel,3733,73994,3.1,229.8,7.1
2018,Almanya,Ford,Model C,Coupe,Hibrit,7041,17819,2.6,237.1,5.4
2018,Fransa,Honda,Model B,Sedan,Benzin,37820,87532,5.0,236.8,9.9
2016,ABD,Hyundai,Model B,SUV,Hibrit,27784,54054,11.3,195.9,5.6
2021,Fransa,BMW,Model D,Coupe,Benzin,9348,65529,9.5,117.7,8.0
2017,Japonya,Volkswagen,Model D,Minivan,Dizel,46239,95332,3.4,63.6,8.1
2018,Çin,Honda,Model C,SUV,Benzin,20874,60597,4.5,79.5,9.7
2024,ABD,Ford,Model D,Hatchback,Dizel,6491,42651,8.0,191.1,6.0
2017,Almanya,Volkswagen,Model E,Minivan,Hibrit,25249,42104,4.7,65.7,9.1
2017,İngiltere,Honda,Model B,Sedan,Elektrik,30128,68538,0.0,0.0,8.4
2017,Çin,Ford,Model E,Minivan,Benzin,13384,62031,13.3,118.4,9.3
2016,Hindistan,Nissan,Model E,Coupe,Elektrik,37682,81051,0.0,0.0,7.5
2024,ABD,Renault,Model D,Coupe,Dizel,2532,92302,8.2,54.7,6.7
2023,Almanya,Honda,Model D,Sedan,Elektrik,44925,93472,0.0,0.0,10.0
2021,Hindistan,BMW,Model B,Sedan,Benzin,48694,51834,2.9,82.2,8.4
2021,Fransa,Nissan,Model B,Sedan,Hibrit,45555,83521,3.1,120.6,8.4
2016,Türkiye,Mercedes,Model A,Pickup,Benzin,597,21221,7.1,150.9,6.0
2023,Brezilya,Ford,Model D,Pickup,Elektrik,11690,16122,0.0,0.0,7.8
2022,Güney Kore,BMW,Model C,Pickup,Dizel,17366,48031,13.2,105.9,7.5
2015,İngiltere,Renault,Model C,SUV,Dizel,28140,60299,3.6,236.6,7.3
2020,Almanya,Hyundai,Model E,Hatchback,Benzin,43377,26404,6.3,149.1,6.5
2023,Japonya,Ford,Model C,Pickup,Elektrik,13033,81432,0.0,0.0,6.0
2024,ABD,Hyundai,Model E,Minivan,Elektrik,18384,21973,0.0,0.0,5.5
2019,Brezilya,Volkswagen,Model C,Sedan,Dizel,20458,22865,6.8,221.4,7.0
2020,Fransa,Mercedes,Model B,Minivan,Elektrik,22058,41278,0.0,0.0,8.5
2016,Güney Kore,Honda,Model C,Hatchback,Hibrit,15096,93293,6.3,163.1,9.1
2015,İngiltere,Mercedes,Model B,Minivan,Elektrik,42802,36427,0.0,0.0,5.9
2015,Güney Kore,Hyundai,Model C,Pickup,Benzin,44936,57171,12.8,90.8,7.0
2024,Fransa,Renault,Model C,SUV,Hibrit,3086,46988,11.6,159.1,5.6
2019,Brezilya,Ford,Model B,Minivan,Elektrik,25756,35330,0.0,0.0,6.4
2024,ABD,Ford,Model D,Hatchback,Hibrit,28349,59858,5.8,141.2,7.8
2024,Türkiye,Honda,Model B,Minivan,Benzin,45397,65263,3.6,205.4,6.7
2015,Japonya,Nissan,Model C,Hatchback,Benzin,34385,95409,14.6,249.8,9.7
2018,İngiltere,Mercedes,Model A,Hatchback,Dizel,36015,68832,12.7,140.2,7.8
2019,Brezilya,Chevrolet,Model A,Minivan,Dizel,6030,27905,9.8,241.1,6.5
2024,Almanya,Toyota,Model E,SUV,Hibrit,23520,68934,4.3,184.7,9.2
2018,Türkiye,Hyundai,Model A,SUV,Benzin,26502,68025,14.0,109.7,8.9
2017,Fransa,Toyota,Model A,SUV,Hibrit,7960,99319,13.6,68.3,8.5
2019,Hindistan,Renault,Model C,Sedan,Benzin,43995,96861,9.0,61.7,8.5
2015,Fransa,BMW,Model B,Minivan,Hibrit,38943,15603,4.4,63.7,7.9
2018,Almanya,BMW,Model B,Pickup,Dizel,12827,34270,5.6,164.9,8.4
2023,Fransa,Toyota,Model E,Coupe,Benzin,33820,29262,11.2,51.9,8.0
2015,Güney Kore,Renault,Model C,Minivan,Dizel,46089,90330,11.8,111.9,6.4
2016,Güney Kore,BMW,Model E,Pickup,Benzin,48638,59533,14.0,123.8,6.7
2018,ABD,Mercedes,Model B,Coupe,Hibrit,47408,67419,9.0,172.4,9.2
2024,Fransa,BMW,Model C,Pickup,Dizel,33055,34427,8.0,144.4,8.0
2020,Fransa,BMW,Model E,SUV,Dizel,39120,84272,11.7,177.9,7.5
2017,ABD,Ford,Model A,Hatchback,Dizel,38194,47153,2.1,245.6,8.3
2019,Japonya,Mercedes,Model B,Sedan,Benzin,14904,75894,8.5,90.3,7.9
2018,Japonya,Volkswagen,Model E,Sedan,Dizel,33731,97903,5.3,60.6,7.9
2024,Hindistan,Chevrolet,Model C,Pickup,Hibrit,42920,19016,6.0,112.4,8.6
2015,Japonya,Honda,Model E,Minivan,Benzin,38848,56130,8.9,238.5,6.2
2016,Türkiye,Toyota,Model C,SUV,Benzin,38898,27559,8.8,165.1,5.3
2024,Çin,Honda,Model C,Sedan,Benzin,2058,67696,5.7,229.2,7.5
2017,ABD,Honda,Model D,SUV,Elektrik,11473,36041,0.0,0.0,7.5
2022,Çin,Ford,Model A,SUV,Dizel,35239,58966,7.3,157.9,9.3
2016,Almanya,Hyundai,Model C,Coupe,Dizel,18704,62231,15.0,192.5,9.6
2016,ABD,Nissan,Model B,Sedan,Dizel,48298,19278,10.1,225.8,6.8
2017,Japonya,Volkswagen,Model B,SUV,Dizel,7194,79243,11.3,202.4,8.4
2017,Hindistan,Chevrolet,Model A,Pickup,Elektrik,29088,19954,0.0,0.0,7.7
2019,Almanya,Toyota,Model D,SUV,Hibrit,22349,62081,9.2,188.3,8.3
2019,Japonya,Honda,Model B,SUV,Elektrik,18683,76308,0.0,0.0,8.3
2022,Almanya,Honda,Model E,Coupe,Dizel,28444,84387,9.4,97.1,5.8
2019,Hindistan,Hyundai,Model A,Coupe,Hibrit,42919,71704,12.2,61.4,7.2
2015,Türkiye,Mercedes,Model A,Sedan,Hibrit,8590,39432,7.8,177.9,7.3
2019,ABD,Nissan,Model E,SUV,Benzin,11576,29293,6.5,145.1,5.8
2020,Fransa,Volkswagen,Model B,Coupe,Elektrik,13680,63803,0.0,0.0,6.8
2015,Hindistan,Toyota,Model C,Coupe,Elektrik,22408,29963,0.0,0.0,6.1
2019,Hindistan,BMW,Model E,Sedan,Hibrit,23341,89191,3.6,131.9,5.7
2016,Çin,Hyundai,Model E,Sedan,Elektrik,43142,84751,0.0,0.0,5.2
2018,Türkiye,Renault,Model C,Coupe,Elektrik,25875,68902,0.0,0.0,7.0
2022,Çin,BMW,Model A,Minivan,Benzin,5258,23360,13.7,71.2,8.3
2016,Japonya,Honda,Model E,Sedan,Hibrit,15858,15623,13.7,132.9,6.8
2016,İngiltere,Nissan,Model A,Pickup,Hibrit,49390,34905,13.1,199.7,7.6
2018,Hindistan,BMW,Model A,SUV,Dizel,18128,20039,14.5,222.4,7.6
2023,Brezilya,Honda,Model C,Sedan,Elektrik,37991,27543,0.0,0.0,8.3
2015,İngiltere,Volkswagen,Model E,Sedan,Hibrit,20574,83462,14.1,223.6,6.6
2015,Fransa,Volkswagen,Model A,SUV,Benzin,36957,72938,7.7,54.1,7.5
2019,ABD,BMW,Model B,Minivan,Benzin,38365,19472,3.7,214.0,5.3
2018,Çin,Chevrolet,Model A,Coupe,Dizel,12027,28611,12.7,128.4,6.0
2024,Türkiye,Volkswagen,Model E,Minivan,Hibrit,10742,58271,7.1,235.2,8.5
2021,İngiltere,Toyota,Model C,Hatchback,Hibrit,27330,22105,13.1,67.1,9.8
2015,Brezilya,Ford,Model C,Pickup,Benzin,36739,66200,6.2,185.4,6.5
2018,Hindistan,Volkswagen,Model D,Minivan,Dizel,20195,82608,3.1,102.6,7.7
2018,Brezilya,Nissan,Model D,Minivan,Elektrik,32786,60046,0.0,0.0,6.6
2016,ABD,Toyota,Model E,Coupe,Dizel,46252,53837,2.7,240.8,7.3
2023,İngiltere,Nissan,Model D,Hatchback,Elektrik,30442,27207,0.0,0.0,8.6
2019,İngiltere,Nissan,Model C,Sedan,Elektrik,30778,46888,0.0,0.0,6.3
2023,Hindistan,Nissan,Model E,Hatchback,Hibrit,42434,51905,3.9,151.2,5.5
2019,ABD,Ford,Model B,Minivan,Hibrit,16429,94679,8.0,124.5,9.2
2016,Fransa,Renault,Model B,Pickup,Benzin,2732,39569,12.8,239.0,5.1
2021,Brezilya,Mercedes,Model C,Sedan,Hibrit,44236,21450,14.8,83.5,6.3
2020,Brezilya,Mercedes,Model A,Coupe,Dizel,24951,44486,6.6,220.7,9.0
2020,Çin,Toyota,Model A,Coupe,Benzin,37493,19729,13.2,206.9,9.2
2021,Türkiye,Hyundai,Model C,Hatchback,Elektrik,30380,83008,0.0,0.0,6.3
2021,Fransa,Renault,Model C,Minivan,Benzin,8380,95118,8.7,138.7,9.1
2019,İngiltere,Nissan,Model E,Coupe,Hibrit,27472,43689,9.0,115.5,8.2
2018,Çin,Honda,Model D,Pickup,Elektrik,38309,23958,0.0,0.0,9.4
2022,Japonya,Volkswagen,Model D,Hatchback,Benzin,707,62388,2.7,121.8,8.7
2017,Brezilya,Toyota,Model A,SUV,Dizel,43994,32980,9.1,97.8,8.0
2023,Güney Kore,Ford,Model A,Coupe,Elektrik,33787,61072,0.0,0.0,8.5
2022,Türkiye,Honda,Model A,Sedan,Hibrit,4454,53777,11.0,146.2,9.3
2015,Türkiye,Nissan,Model B,Minivan,Benzin,12289,20871,6.1,133.8,9.4
2018,Hindistan,Renault,Model D,SUV,Hibrit,37734,54621,14.4,237.6,9.9
2019,Hindistan,Honda,Model D,SUV,Benzin,20194,75966,13.7,139.9,6.8
2017,Hindistan,Nissan,Model C,SUV,Dizel,17295,90041,3.0,193.3,8.7
2020,Japonya,Renault,Model B,SUV,Elektrik,28472,56600,0.0,0.0,7.8
2021,Türkiye,Mercedes,Model A,SUV,Hibrit,36031,20223,6.0,170.7,5.8
2023,ABD,Renault,Model A,Hatchback,Elektrik,45829,55060,0.0,0.0,5.6
2022,Almanya,Mercedes,Model E,Coupe,Elektrik,4414,37517,0.0,0.0,9.9
2018,İngiltere,Nissan,Model D,Sedan,Benzin,16488,30412,9.9,213.5,9.5
2024,Brezilya,Nissan,Model A,Minivan,Dizel,33834,82676,12.2,200.0,9.8
2015,Güney Kore,Renault,Model B,Hatchback,Benzin,26764,16570,10.0,239.4,9.2
2023,Türkiye,Chevrolet,Model A,Pickup,Dizel,25689,48979,11.6,60.7,9.9
2018,Japonya,Toyota,Model E,Pickup,Hibrit,13399,52243,12.2,136.9,6.5
2023,Brezilya,Nissan,Model C,Minivan,Elektrik,37082,36939,0.0,0.0,8.9
2022,Türkiye,Honda,Model E,SUV,Elektrik,37731,41529,0.0,0.0,9.3
2020,Japonya,Mercedes,Model A,Coupe,Benzin,21955,39250,13.6,147.1,9.9
2023,Brezilya,Honda,Model B,Coupe,Dizel,9438,46882,4.6,159.7,8.4
2018,Fransa,Chevrolet,Model D,Hatchback,Dizel,3814,82076,10.3,234.7,7.4
2017,Japonya,Nissan,Model A,Coupe,Dizel,36246,41604,6.9,107.7,6.3
2023,Almanya,BMW,Model B,Pickup,Benzin,46763,35478,12.0,55.0,5.8
2022,Türkiye,Renault,Model A,Minivan,Hibrit,27068,20791,13.6,203.9,8.6
2024,Almanya,Ford,Model D,Pickup,Dizel,45353,81295,2.5,111.3,6.8
2016,İngiltere,Mercedes,Model A,Coupe,Dizel,36406,55702,4.7,180.1,5.9
2020,Hindistan,Honda,Model A,Minivan,Dizel,2228,68772,4.5,179.1,7.9
2020,Hindistan,Ford,Model E,Minivan,Dizel,27413,80263,4.6,82.6,9.8
2022,ABD,Volkswagen,Model A,SUV,Dizel,29992,53825,9.0,72.0,7.8
2019,İngiltere,Honda,Model A,Sedan,Elektrik,29908,36698,0.0,0.0,7.6
2024,Türkiye,Renault,Model B,Pickup,Dizel,6095,90752,5.3,95.6,9.2
2018,ABD,Mercedes,Model D,Hatchback,Dizel,45141,92939,5.2,190.5,5.5
2024,Japonya,Nissan,Model A,Minivan,Hibrit,17437,52058,5.9,229.9,9.4
2016,Brezilya,BMW,Model D,Hatchback,Hibrit,40367,71623,7.1,231.5,8.1
2022,Brezilya,Toyota,Model D,Sedan,Benzin,31607,93314,7.6,153.5,5.5
2017,Hindistan,BMW,Model E,Hatchback,Hibrit,11937,84180,8.3,168.8,6.7
2022,Çin,Volkswagen,Model C,Minivan,Hibrit,45506,54183,11.9,243.4,9.4
2020,Fransa,Nissan,Model D,Pickup,Dizel,18205,89329,3.1,90.0,8.3
2023,Japonya,BMW,Model E,Minivan,Hibrit,28439,16582,9.2,75.2,6.3
2017,Brezilya,Toyota,Model E,Minivan,Elektrik,8336,96833,0.0,0.0,5.3
2022,Çin,Ford,Model D,SUV,Hibrit,47755,82824,8.1,72.7,6.8
2019,Güney Kore,Hyundai,Model B,SUV,Elektrik,20543,23005,0.0,0.0,6.7
2024,Hindistan,Ford,Model D,Pickup,Hibrit,49409,52232,11.6,147.9,6.4
2022,Çin,Renault,Model A,SUV,Hibrit,37911,40216,4.5,220.3,6.8
2015,Güney Kore,Chevrolet,Model A,SUV,Hibrit,42134,74303,7.2,211.9,8.1
2023,İngiltere,Mercedes,Model D,Hatchback,Dizel,16227,53001,11.5,238.3,6.7
2024,Almanya,Renault,Model A,Minivan,Elektrik,13637,91576,0.0,0.0,7.3
2015,Güney Kore,Chevrolet,Model E,SUV,Elektrik,31726,39529,0.0,0.0,7.4
2017,Japonya,Mercedes,Model B,SUV,Benzin,44024,38382,14.2,215.6,9.8
2022,Hindistan,Toyota,Model E,Hatchback,Elektrik,42215,99144,0.0,0.0,7.6
2022,İngiltere,Toyota,Model A,Pickup,Benzin,22849,98395,2.1,187.5,6.8
2019,Türkiye,Hyundai,Model B,Coupe,Hibrit,40122,15371,6.4,129.6,7.6
2015,Fransa,Chevrolet,Model D,SUV,Hibrit,20665,73736,3.4,241.6,6.4
2022,Türkiye,Toyota,Model A,Hatchback,Benzin,26306,23380,14.4,191.8,7.2
2019,Almanya,Mercedes,Model D,Pickup,Elektrik,4806,71243,0.0,0.0,5.3
2024,Japonya,Toyota,Model C,SUV,Hibrit,7160,38842,5.0,161.7,7.1
2021,Japonya,Chevrolet,Model D,Sedan,Elektrik,40479,62285,0.0,0.0,5.6
2024,ABD,BMW,Model B,Pickup,Elektrik,20662,65502,0.0,0.0,5.6
2021,İngiltere,Toyota,Model B,Coupe,Benzin,44105,32926,3.8,134.8,9.0
2015,Hindistan,Chevrolet,Model A,SUV,Dizel,9127,45040,11.6,172.0,8.9
2017,Japonya,Toyota,Model A,Coupe,Elektrik,10073,58634,0.0,0.0,7.1
2016,Fransa,Chevrolet,Model A,Coupe,Dizel,8802,47910,12.5,79.7,6.0
2018,İngiltere,Nissan,Model B,Minivan,Elektrik,23581,52061,0.0,0.0,6.7
2017,Türkiye,Volkswagen,Model E,Minivan,Benzin,40075,82798,13.7,83.6,9.3
2024,Almanya,Honda,Model C,Hatchback,Dizel,36347,32074,8.4,75.2,5.1
2016,Fransa,Chevrolet,Model D,Sedan,Hibrit,2636,37316,12.1,98.5,5.9
2021,Çin,Toyota,Model C,Sedan,Hibrit,1698,56657,12.7,183.8,6.2
2016,Japonya,Ford,Model A,SUV,Elektrik,49489,26396,0.0,0.0,5.6
2015,Güney Kore,Nissan,Model B,Coupe,Benzin,27112,91028,13.6,218.8,8.8
2024,Türkiye,Chevrolet,Model A,Hatchback,Dizel,45002,48260,8.1,191.2,7.9
2022,Almanya,Mercedes,Model E,Sedan,Benzin,46502,68839,4.2,204.0,7.7
2021,Japonya,Mercedes,Model A,Coupe,Elektrik,11725,63216,0.0,0.0,8.3
2018,ABD,Renault,Model A,SUV,Elektrik,12108,47130,0.0,0.0,5.1
2017,ABD,Honda,Model A,Pickup,Benzin,19083,86952,3.0,169.5,6.7
2018,ABD,Volkswagen,Model C,Coupe,Dizel,10885,90298,4.9,137.4,5.7
2017,Almanya,Ford,Model D,Pickup,Elektrik,5795,88887,0.0,0.0,9.9
2018,Brezilya,Honda,Model D,Sedan,Hibrit,20318,68054,10.8,194.2,6.7
2020,Hindistan,Toyota,Model A,Pickup,Dizel,3414,29375,7.1,178.4,7.0
2018,Japonya,Chevrolet,Model C,Pickup,Benzin,30489,98804,7.6,64.5,6.6
2017,Hindistan,BMW,Model C,Pickup,Dizel,29296,24846,2.1,243.0,8.0
2021,Brezilya,Ford,Model D,Coupe,Benzin,31692,27609,9.2,136.0,8.8
2020,Fransa,Hyundai,Model E,Coupe,Dizel,10548,72502,14.3,202.1,9.3
2023,Güney Kore,Mercedes,Model E,Hatchback,Hibrit,16994,70760,10.2,241.8,8.4
2023,Fransa,Nissan,Model C,SUV,Hibrit,19069,63135,13.5,211.4,8.2
2018,Hindistan,Volkswagen,Model A,Sedan,Elektrik,10597,83166,0.0,0.0,7.7
2024,İngiltere,Ford,Model C,Sedan,Dizel,44692,57700,13.6,127.4,7.8
2019,İngiltere,Renault,Model B,Sedan,Benzin,13602,63373,3.7,63.7,5.7
2020,ABD,Chevrolet,Model A,Hatchback,Hibrit,15043,46287,10.0,62.4,7.4
2016,ABD,BMW,Model B,Hatchback,Dizel,3907,72315,8.8,69.4,7.5
2024,Türkiye,Chevrolet,Model A,Pickup,Elektrik,48994,64144,0.0,0.0,7.3
2019,Brezilya,Honda,Model B,SUV,Dizel,22670,39644,12.6,227.2,6.9
2017,Brezilya,Chevrolet,Model C,Coupe,Dizel,26278,92793,10.8,212.8,9.3
2018,Fransa,Honda,Model C,Minivan,Hibrit,9129,70942,14.9,182.7,5.9
2018,Fransa,Honda,Model A,Coupe,Hibrit,4809,58450,9.7,196.3,7.6
2018,Çin,Honda,Model D,Hatchback,Benzin,28771,82365,11.1,166.7,7.6
2021,Güney Kore,Toyota,Model E,Pickup,Elektrik,2954,72019,0.0,0.0,7.5
2018,ABD,Renault,Model E,Sedan,Benzin,39134,95115,3.5,91.3,8.4
2021,Türkiye,Ford,Model D,SUV,Hibrit,16677,50307,11.9,221.0,5.7
2024,İngiltere,BMW,Model A,SUV,Elektrik,631,91097,0.0,0.0,7.0
2022,ABD,Renault,Model C,Sedan,Dizel,18230,83833,12.0,175.0,7.3
2018,Fransa,Honda,Model B,Minivan,Elektrik,10356,20538,0.0,0.0,5.1
2017,Çin,Hyundai,Model E,SUV,Dizel,38463,39786,6.2,52.8,5.4
2023,Fransa,Hyundai,Model D,Coupe,Hibrit,17093,67434,8.9,237.2,8.3
2017,Brezilya,Chevrolet,Model B,Coupe,Dizel,15564,79614,13.7,175.4,6.2
2019,ABD,Mercedes,Model B,SUV,Benzin,49065,95339,4.3,146.4,5.0
2015,Türkiye,Mercedes,Model B,Minivan,Benzin,23502,72730,12.5,219.7,8.8
2020,Brezilya,Volkswagen,Model C,Minivan,Dizel,38582,81184,10.4,132.5,10.0
2020,Almanya,Chevrolet,Model D,Minivan,Dizel,24340,68055,9.6,159.1,9.6
2023,Fransa,Volkswagen,Model C,Minivan,Hibrit,1974,52622,12.4,208.1,9.1
2016,Almanya,Chevrolet,Model C,Minivan,Dizel,8291,82299,12.3,139.0,6.9
2020,Türkiye,Chevrolet,Model B,Coupe,Benzin,35596,52679,9.9,128.2,5.2
2018,ABD,Volkswagen,Model A,Sedan,Elektrik,48462,17091,0.0,0.0,5.8
2023,Çin,Hyundai,Model A,Hatchback,Elektrik,2003,50802,0.0,0.0,5.3
2022,Güney Kore,Volkswagen,Model A,Pickup,Dizel,48374,61871,14.5,143.7,6.7
2019,Japonya,Nissan,Model E,SUV,Benzin,12469,76567,13.5,241.9,9.4
2019,Brezilya,Ford,Model A,SUV,Dizel,34364,89183,5.9,82.1,7.2
2020,Fransa,Renault,Model D,Hatchback,Hibrit,48129,49633,12.1,214.2,5.9
2018,Güney Kore,BMW,Model B,Hatchback,Elektrik,38585,35976,0.0,0.0,8.7
2018,ABD,Renault,Model E,Coupe,Hibrit,15128,29967,2.2,239.4,6.9
2020,Japonya,Toyota,Model D,Sedan,Dizel,33050,22710,4.3,101.2,7.7
2017,Brezilya,Toyota,Model D,Pickup,Elektrik,10135,26602,0.0,0.0,8.2
2023,Fransa,BMW,Model B,Minivan,Dizel,7018,78417,10.1,141.9,9.6
2018,Türkiye,Honda,Model B,SUV,Hibrit,17101,49627,10.1,165.0,8.4
2019,ABD,Renault,Model B,Minivan,Elektrik,22148,92320,0.0,0.0,5.9
2020,Hindistan,Chevrolet,Model B,Coupe,Hibrit,29877,26093,9.4,75.6,9.8
2021,Brezilya,Toyota,Model C,Coupe,Dizel,11580,37125,13.2,207.4,8.3
2019,Almanya,Toyota,Model C,Coupe,Benzin,9640,97412,11.8,146.0,6.6
2021,Japonya,Nissan,Model A,Sedan,Dizel,30263,41406,7.4,105.9,7.4
2020,Hindistan,Mercedes,Model B,Hatchback,Benzin,10497,39600,2.9,175.1,5.7
2021,Japonya,Ford,Model B,SUV,Hibrit,37232,77905,7.2,59.8,8.5
2022,Japonya,BMW,Model B,Minivan,Dizel,15314,90918,3.9,143.8,7.6
2022,Japonya,Honda,Model B,SUV,Hibrit,24094,29543,4.7,220.3,8.3
2017,Hindistan,Mercedes,Model C,SUV,Elektrik,6929,60682,0.0,0.0,9.0
2017,Hindistan,Chevrolet,Model A,Coupe,Dizel,25383,67284,9.2,214.5,9.0
2024,Fransa,Volkswagen,Model A,Hatchback,Dizel,39286,53631,11.3,108.9,5.4
2015,Türkiye,Volkswagen,Model D,SUV,Benzin,29390,40498,6.0,57.2,5.2
2023,Hindistan,Renault,Model D,Pickup,Benzin,18420,62181,11.4,146.9,5.3
2021,ABD,Hyundai,Model A,Minivan,Benzin,44208,92723,6.0,127.9,7.7
2017,İngiltere,BMW,Model B,Pickup,Hibrit,30035,89481,4.5,168.2,6.4
2020,Brezilya,Mercedes,Model B,Hatchback,Dizel,25758,91991,2.6,149.5,6.7
2022,Çin,Toyota,Model A,Hatchback,Dizel,9960,93106,12.3,93.2,5.7
2015,Japonya,BMW,Model E,Sedan,Hibrit,6817,61304,3.7,229.3,6.3
2023,Güney Kore,Hyundai,Model B,Hatchback,Elektrik,25042,76179,0.0,0.0,7.5
2017,ABD,Hyundai,Model D,SUV,Elektrik,31213,51470,0.0,0.0,9.8
2020,Türkiye,Toyota,Model E,SUV,Dizel,3819,55436,5.7,187.5,6.8
2019,Fransa,Nissan,Model A,Hatchback,Benzin,14930,31275,7.7,90.4,7.2
2016,Fransa,BMW,Model D,SUV,Hibrit,17158,99573,9.5,50.3,8.5
2024,Fransa,Mercedes,Model B,Sedan,Elektrik,22181,98585,0.0,0.0,5.5
2015,Çin,Nissan,Model E,SUV,Elektrik,42294,37589,0.0,0.0,6.7
2021,Brezilya,Volkswagen,Model D,Coupe,Elektrik,5643,66057,0.0,0.0,9.4
2015,Hindistan,Nissan,Model B,Pickup,Hibrit,40635,43849,10.9,208.2,7.3
2021,Brezilya,Toyota,Model D,Minivan,Dizel,5799,20971,7.7,223.7,9.1
2017,Almanya,Toyota,Model C,SUV,Elektrik,17889,77812,0.0,0.0,7.4
2017,ABD,Ford,Model D,Coupe,Dizel,17021,27936,13.8,97.7,5.0
2023,Brezilya,Chevrolet,Model C,Sedan,Hibrit,47106,91411,15.0,92.1,5.2
2019,ABD,BMW,Model C,Coupe,Elektrik,44804,57171,0.0,0.0,5.3
2016,Türkiye,BMW,Model A,Minivan,Hibrit,37597,90907,12.3,191.9,9.9
2015,ABD,Nissan,Model C,SUV,Dizel,20354,66390,8.8,242.6,10.0
2023,Çin,BMW,Model D,Minivan,Elektrik,41444,67469,0.0,0.0,5.4
2021,Güney Kore,Chevrolet,Model D,Minivan,Hibrit,49356,95244,2.1,83.4,6.4
2018,Fransa,Honda,Model A,SUV,Dizel,35130,83249,13.8,72.0,6.3
2024,Türkiye,Toyota,Model D,Minivan,Dizel,42827,56391,13.6,165.9,5.7
2018,İngiltere,Volkswagen,Model C,SUV,Dizel,38546,62156,14.8,64.9,7.5
2019,İngiltere,Honda,Model D,Pickup,Dizel,19060,66648,13.7,71.8,9.9
2023,Fransa,BMW,Model E,Sedan,Elektrik,48036,89912,0.0,0.0,8.7
2021,Çin,Renault,Model B,Minivan,Hibrit,33579,49003,4.3,202.6,9.0
2015,Güney Kore,Mercedes,Model E,Minivan,Dizel,29390,41337,2.0,202.0,8.8
2023,Güney Kore,Hyundai,Model C,Minivan,Benzin,42600,82953,8.3,58.5,5.7
2023,Fransa,Toyota,Model B,Minivan,Hibrit,1236,50054,10.5,61.9,8.9
2022,Çin,Chevrolet,Model B,Coupe,Elektrik,39317,43630,0.0,0.0,6.6
2022,ABD,Honda,Model B,Minivan,Dizel,39919,47158,13.9,154.6,5.7
2023,Brezilya,Volkswagen,Model C,Minivan,Hibrit,9956,48903,13.6,159.9,8.5
2015,Japonya,Renault,Model E,Sedan,Hibrit,14087,74243,12.7,168.4,9.1
2022,Çin,Mercedes,Model C,Minivan,Hibrit,15681,78759,2.7,90.9,9.5
2022,İngiltere,Honda,Model A,Sedan,Dizel,26673,16619,9.3,132.8,5.2
2024,Brezilya,Mercedes,Model B,Coupe,Benzin,17654,42550,2.4,140.1,9.1
2018,Hindistan,Volkswagen,Model A,Sedan,Benzin,12328,66698,8.3,112.0,8.2
2021,Brezilya,Mercedes,Model D,Pickup,Elektrik,17764,60006,0.0,0.0,7.2
2019,Japonya,Chevrolet,Model D,Coupe,Dizel,43464,44918,11.2,217.1,5.8
2024,Japonya,Honda,Model B,SUV,Benzin,31154,26701,6.2,144.5,5.6
2016,Çin,Mercedes,Model D,Minivan,Benzin,32602,79820,8.8,72.8,5.2
2022,Güney Kore,Hyundai,Model E,Pickup,Dizel,24212,93256,5.4,143.5,9.2
2016,Fransa,Ford,Model D,Hatchback,Dizel,20878,28552,8.8,216.9,9.1
2021,Japonya,Ford,Model C,SUV,Dizel,35004,36013,3.4,209.2,5.5
2024,İngiltere,BMW,Model C,Coupe,Dizel,6654,81736,11.1,212.9,6.6
2023,Almanya,BMW,Model A,Coupe,Dizel,6182,54122,9.4,248.2,7.3
2016,Hindistan,Chevrolet,Model B,Sedan,Elektrik,24418,71633,0.0,0.0,6.4
2018,Japonya,Toyota,Model D,Minivan,Dizel,1031,27276,3.2,230.8,8.9
2017,ABD,BMW,Model C,Sedan,Dizel,49786,98005,13.9,246.1,10.0
2018,Japonya,Honda,Model B,Coupe,Hibrit,26256,20258,8.5,135.3,8.1
2024,Türkiye,Mercedes,Model D,SUV,Dizel,24078,49977,10.4,248.2,7.7
2023,Brezilya,Toyota,Model D,SUV,Benzin,14931,85839,7.7,77.3,6.6
2017,Hindistan,Honda,Model C,Hatchback,Elektrik,1589,18906,0.0,0.0,9.7
2016,Güney Kore,Volkswagen,Model E,Minivan,Hibrit,2594,67396,6.7,205.4,7.5
2019,Brezilya,Mercedes,Model B,Pickup,Benzin,20489,63305,4.1,68.8,7.8
2015,Fransa,Renault,Model B,SUV,Hibrit,22748,44495,10.9,206.8,7.5
2018,İngiltere,Renault,Model A,SUV,Hibrit,37062,93808,8.9,246.6,6.6
2016,ABD,Chevrolet,Model D,Hatchback,Hibrit,42793,67603,7.5,242.4,6.1
2019,Çin,Hyundai,Model A,Sedan,Elektrik,9365,74801,0.0,0.0,9.6
2015,ABD,Nissan,Model C,SUV,Dizel,2246,69387,11.5,178.1,6.2
2015,İngiltere,Hyundai,Model E,Minivan,Dizel,12029,25723,4.9,116.6,6.6
2023,Çin,Honda,Model A,Coupe,Dizel,43668,51961,10.3,105.1,9.0
2015,ABD,BMW,Model E,SUV,Dizel,48829,36072,10.7,238.1,8.9
2021,Çin,Chevrolet,Model A,Coupe,Hibrit,25610,54228,3.7,133.1,6.0
2018,Türkiye,Hyundai,Model C,Coupe,Hibrit,35284,42224,6.1,102.4,6.7
2016,Almanya,Ford,Model D,SUV,Hibrit,45474,93606,6.4,137.1,6.5
2018,Türkiye,Volkswagen,Model D,Pickup,Hibrit,11504,54657,13.9,109.3,5.2
2018,Hindistan,Chevrolet,Model B,Pickup,Elektrik,24760,42682,0.0,0.0,9.8
2019,ABD,Renault,Model D,Hatchback,Hibrit,3711,21812,11.1,174.4,9.0
2020,Hindistan,Honda,Model D,Sedan,Dizel,40727,72737,3.9,162.5,7.3
2020,Hindistan,Mercedes,Model A,Sedan,Hibrit,40888,38474,4.8,165.7,9.2
2023,Fransa,Renault,Model B,Minivan,Elektrik,40249,80535,0.0,0.0,5.5
2024,ABD,Toyota,Model A,Sedan,Benzin,47818,30266,10.9,63.2,7.2
2024,Fransa,Hyundai,Model B,Minivan,Hibrit,27825,42026,7.5,206.5,7.7
2022,ABD,Toyota,Model E,SUV,Dizel,48180,89954,14.2,130.9,9.9
2018,Almanya,Renault,Model C,Coupe,Dizel,2107,34007,4.6,137.6,9.3
2017,ABD,BMW,Model D,SUV,Benzin,34245,52752,9.9,150.5,6.1
2015,Brezilya,Ford,Model B,Minivan,Hibrit,24049,85112,7.3,81.8,6.3
2018,Türkiye,Renault,Model B,Pickup,Elektrik,39788,59095,0.0,0.0,8.5
2023,Hindistan,BMW,Model D,SUV,Dizel,2238,60154,6.3,124.6,7.4
2020,İngiltere,BMW,Model D,Minivan,Hibrit,43844,24250,8.0,74.2,7.8
2019,Brezilya,Volkswagen,Model B,Pickup,Dizel,36043,51282,9.5,219.2,5.9
2019,Japonya,Chevrolet,Model E,Pickup,Dizel,42261,61992,9.2,240.4,9.8
2020,Hindistan,Ford,Model C,Pickup,Elektrik,6841,60446,0.0,0.0,6.5
2017,Çin,Volkswagen,Model A,Sedan,Dizel,12378,58020,11.5,135.8,8.6
2020,Güney Kore,Volkswagen,Model D,Minivan,Hibrit,4493,49006,4.2,139.5,5.5
2022,Japonya,Ford,Model A,Minivan,Hibrit,3966,42167,10.4,84.7,7.9
2021,Brezilya,Renault,Model A,Coupe,Hibrit,42640,62501,4.6,118.2,9.6
2016,Hindistan,Chevrolet,Model B,Minivan,Hibrit,37139,64313,10.3,200.4,6.0
2017,Güney Kore,Ford,Model A,Hatchback,Benzin,4790,54189,4.4,207.4,10.0
2016,Almanya,Renault,Model E,SUV,Hibrit,16133,23294,4.9,137.8,5.8
2017,Japonya,Mercedes,Model C,SUV,Elektrik,24282,36292,0.0,0.0,5.4
2021,Japonya,Toyota,Model D,SUV,Dizel,25335,28345,11.4,148.8,9.5
2020,İngiltere,BMW,Model A,Minivan,Dizel,42536,62277,3.9,236.2,6.6
2020,Japonya,Chevrolet,Model B,Coupe,Benzin,42853,22530,6.4,153.0,10.0
2023,Brezilya,BMW,Model C,Coupe,Elektrik,38466,92826,0.0,0.0,9.0
2022,Çin,Hyundai,Model A,Hatchback,Benzin,19257,30655,8.5,172.8,7.8
2021,Türkiye,BMW,Model C,Minivan,Hibrit,26061,47045,14.7,152.3,5.2
2024,Çin,Renault,Model A,Coupe,Benzin,15302,23900,2.3,194.3,7.9
2023,Hindistan,Toyota,Model C,Coupe,Benzin,12859,80903,14.8,77.4,7.6
2022,Hindistan,Chevrolet,Model D,Sedan,Dizel,47770,76595,7.0,162.2,8.6
2017,Brezilya,Toyota,Model E,SUV,Dizel,8487,50781,6.9,108.2,5.4
2018,İngiltere,Hyundai,Model B,Pickup,Hibrit,25637,50151,9.2,67.0,8.7
2024,İngiltere,Hyundai,Model B,Hatchback,Hibrit,15825,56085,11.9,58.8,10.0
2021,Güney Kore,Honda,Model E,Pickup,Hibrit,6949,81268,4.0,197.2,5.7
2016,Güney Kore,Nissan,Model A,Pickup,Benzin,34335,18421,9.7,225.1,10.0
2016,Fransa,Honda,Model E,Hatchback,Dizel,16530,62875,9.2,112.5,10.0
2020,İngiltere,Volkswagen,Model C,Coupe,Hibrit,30997,37035,11.0,64.9,5.4
2016,İngiltere,Volkswagen,Model D,Sedan,Dizel,36681,71235,10.8,175.7,9.0
2018,Hindistan,Volkswagen,Model A,SUV,Elektrik,9955,98813,0.0,0.0,6.9
2022,Japonya,Mercedes,Model B,Minivan,Elektrik,30754,61061,0.0,0.0,9.7
2017,Türkiye,Nissan,Model D,SUV,Elektrik,34074,59600,0.0,0.0,5.6
2016,Güney Kore,Renault,Model D,Coupe,Dizel,21887,76411,4.8,72.5,5.1
2023,Fransa,Toyota,Model C,Pickup,Hibrit,41014,58050,12.3,173.5,8.3
2018,Türkiye,Mercedes,Model A,Sedan,Benzin,35793,51050,11.1,206.3,9.8
2015,Çin,Volkswagen,Model B,Pickup,Dizel,20694,53368,6.8,110.4,5.8
2024,Çin,Hyundai,Model C,Sedan,Elektrik,8457,42671,0.0,0.0,9.5
2019,Güney Kore,Ford,Model D,Sedan,Elektrik,16617,80174,0.0,0.0,7.0
2024,ABD,Renault,Model C,Pickup,Hibrit,43923,49663,8.6,118.9,9.5
2016,Brezilya,Toyota,Model D,Hatchback,Hibrit,19498,62663,5.3,103.0,9.2
2016,Almanya,BMW,Model B,Hatchback,Dizel,31255,44658,13.3,246.3,9.9
2015,Almanya,Nissan,Model B,Hatchback,Hibrit,31528,43239,9.4,214.4,8.7
2024,Çin,Honda,Model D,Pickup,Benzin,25363,39525,8.1,133.4,5.3
2019,Fransa,Chevrolet,Model E,Pickup,Dizel,6843,77197,10.7,249.1,6.7
2018,Güney Kore,Honda,Model D,Minivan,Elektrik,10004,90068,0.0,0.0,5.5
2018,İngiltere,Nissan,Model D,Hatchback,Dizel,14804,60536,11.4,203.4,6.7
2017,Brezilya,Honda,Model A,Coupe,Hibrit,33597,91438,7.9,209.5,7.8
2018,Brezilya,Ford,Model E,Hatchback,Hibrit,7668,21344,9.3,62.7,7.4
2017,Türkiye,BMW,Model B,Sedan,Benzin,15534,56925,3.2,175.8,5.0
2016,Türkiye,Honda,Model A,Hatchback,Dizel,2500,41007,4.7,52.3,5.9
2019,Brezilya,Mercedes,Model A,Hatchback,Elektrik,23362,32273,0.0,0.0,9.1
